event_id,track_id,track_type,source_id,source_title,publisher,source_url,source_content_hash,direct_excerpt,locator,data_role,signal_class,signal_subtype,transmission_layer,event_at,published_at,available_at,event_date_precision,scope_type,scope_value,origin_group,evidence_level,ingestion_status,current_review_status,deterministic_validation_result,deterministic_validation_reason,adversarial_verifier_result,ambiguity,missingness_relevant_to_interpretation,codex_recommendation,recommendation_reason,main_risk,required_human_judgment
EVT-C01-20230313-H100-PREVIEW,C01-AZ-H100,CUSTOMER_PLATFORM_REALIZATION_TRACK,SRC-AZ-20230313-ND-H100-PREVIEW,Azure previews ND H100 v5 virtual machine series,Microsoft Azure Blog,https://azure.microsoft.com/en-us/blog/azure-previews-powerful-and-scalable-virtual-machine-series-to-accelerate-generative-ai/,9F2C7C5AD5197EC944433F157D369698FADAAE6289B0F22217ED7027A97E18D8,ND H100 v5 is available for preview and will become a standard offering.,"Azure’s most powerful and scalable AI virtual machine, final paragraph",SIGNAL,PLATFORM_DEPLOYMENT_STAGE,PREVIEW,PLATFORM,2023-03-13T00:00:00-07:00,2023-03-13T00:00:00-07:00,2023-03-14T00:00:00-07:00,DAY,PLATFORM,Azure ND H100 v5,OG-AZ-20230313-ND-H100-PREVIEW,A_DIRECT_FACT,ACCEPTED,UNREVIEWED,PASS,Frozen semantic contract accepted the candidate classification.,PASS,,"{""capacity_allocation"":""PRIVATE_OR_NOT_DISCLOSED"",""demand_volume"":""PRIVATE_OR_NOT_DISCLOSED"",""named_hbm_supplier"":""NOT_OBSERVED_PUBLICLY"",""platform_specific_capex"":""PRIVATE_OR_NOT_DISCLOSED"",""price"":""PRIVATE_OR_NOT_DISCLOSED"",""utilization"":""NOT_OBSERVED_PUBLICLY""}",RECOMMEND_INCLUDE,"Directly supports the stated planned, preview, or deployment stage.",PLANNED_PREVIEW_AND_GA_COULD_BE_COLLAPSED,Confirm exact stage and named-platform scope.
EVT-C01-20230807-H100-GA,C01-AZ-H100,CUSTOMER_PLATFORM_REALIZATION_TRACK,SRC-AZ-20230807-ND-H100-GA,Scale generative AI with new Azure AI infrastructure advancements and availability,Microsoft Azure Blog,https://azure.microsoft.com/en-us/blog/scale-generative-ai-with-new-azure-ai-infrastructure-advancements-and-availability/,D03FE1ABC69DC16CC93A2AD4E45C05CDA6356FFAB3605A4FDBB04FFB8A9DA75C,"Today marks the general availability of our Azure ND H100 v5 Virtual Machine (VM) series, featuring the latest NVIDIA H100 Tensor Core GPUs and NVIDIA Quantum-2 InfiniBand networking.","General availability of ND H100 v5 VMs, opening paragraph",OUTCOME,P1_PLATFORM_OPERATIONAL_REALIZATION,GENERAL_AVAILABILITY,PLATFORM,2023-08-07T00:00:00-07:00,2023-08-07T00:00:00-07:00,2023-08-08T00:00:00-07:00,DAY,PLATFORM,Azure ND H100 v5,OG-AZ-20230807-ND-H100-GA,A_DIRECT_FACT,ACCEPTED,UNREVIEWED,PASS,Frozen semantic contract accepted the candidate classification.,PASS,,"{""capacity_allocation"":""PRIVATE_OR_NOT_DISCLOSED"",""demand_volume"":""PRIVATE_OR_NOT_DISCLOSED"",""named_hbm_supplier"":""NOT_OBSERVED_PUBLICLY"",""platform_specific_capex"":""PRIVATE_OR_NOT_DISCLOSED"",""price"":""PRIVATE_OR_NOT_DISCLOSED"",""utilization"":""NOT_OBSERVED_PUBLICLY""}",RECOMMEND_INCLUDE,Directly supports the named platform state at the stated availability subtype.,AVAILABILITY_DOES_NOT_ESTABLISH_UTILIZATION_OR_HBM_SUPPLIER,"Confirm subtype, scope, and event precision without inferring utilization or memory demand."
EVT-C01-20240730-CAPEX,C01-AZ-H100,CUSTOMER_PLATFORM_REALIZATION_TRACK,SRC-MSFT-20240730-CAPEX,Microsoft FY2024 Q4 Earnings Call,Microsoft Investor Relations,https://www.microsoft.com/en-us/investor/events/fy-2024/earnings-fy-2024-q4,EA4F16BBB45815098BE855E99FB72C38A282F6E8DD80ECF6E64A7D350FC335E1,Capital expenditures including finance leases were $19 billion ... Cloud and AI related spend represents nearly all of total capital expenditures,transcript lines 253-255,SIGNAL,CSP_CAPEX,COMPANY_CLOUD_AI_CAPEX,CUSTOMER_ECONOMICS,2024-06-30T23:59:59-07:00,2024-07-30T00:00:00-07:00,2024-07-31T00:00:00-07:00,DAY,COMPANY,Microsoft,OG-MSFT-FY2024-Q4-EARNINGS,A_DIRECT_FACT,ACCEPTED,UNREVIEWED,PASS,Frozen semantic contract accepted the candidate classification.,PASS,,"{""capacity_allocation"":""PRIVATE_OR_NOT_DISCLOSED"",""demand_volume"":""PRIVATE_OR_NOT_DISCLOSED"",""named_hbm_supplier"":""NOT_OBSERVED_PUBLICLY"",""platform_specific_capex"":""PRIVATE_OR_NOT_DISCLOSED"",""price"":""PRIVATE_OR_NOT_DISCLOSED"",""utilization"":""NOT_OBSERVED_PUBLICLY""}",RECOMMEND_EXCLUDE,The company-level CAPEX disclosure became public after this Track's H100 GA event.,POST_OUTCOME_CONTEXT_AND_SCOPE_MISMATCH,Confirm exclusion from this Track's empirical sequence while retaining the Source as company context.
EVT-C02-20231115-H200-PLAN,C02-AZ-H200,CUSTOMER_PLATFORM_REALIZATION_TRACK,SRC-MSFT-20231115-AZ-H200-PLAN,Microsoft Ignite 2023: AI transformation and technology,Official Microsoft Blog,https://blogs.microsoft.com/blog/2023/11/15/microsoft-ignite-2023-ai-transformation-and-the-technology-driving-change/,E9BCEA39D07D19B8F97DE205583A20770AD4EDCF21252BF1C7F8BF1F3997E3B3,announcing plans for the ND H200 v5 Virtual Machine Series ... featuring the upcoming NVIDIA H200 Tensor Core GPU,"Rethinking cloud infrastructure, bullet 6",SIGNAL,PLATFORM_LAUNCH,PLANNED,PLATFORM,2023-11-15T00:00:00-08:00,2023-11-15T00:00:00-08:00,2023-11-16T00:00:00-08:00,DAY,PLATFORM,Azure ND H200 v5,OG-MSFT-20231115-IGNITE,B_COMPANY_CLAIM,ACCEPTED,UNREVIEWED,PASS,Frozen semantic contract accepted the candidate classification.,PASS,,"{""capacity_allocation"":""PRIVATE_OR_NOT_DISCLOSED"",""demand_volume"":""PRIVATE_OR_NOT_DISCLOSED"",""named_hbm_supplier"":""NOT_OBSERVED_PUBLICLY"",""platform_specific_capex"":""PRIVATE_OR_NOT_DISCLOSED"",""price"":""PRIVATE_OR_NOT_DISCLOSED"",""utilization"":""NOT_OBSERVED_PUBLICLY""}",RECOMMEND_INCLUDE,"Directly supports a named-platform plan/announcement, not operational availability.",PLAN_COULD_BE_MISREAD_AS_REALIZATION,Confirm plan-only role and later-state separation.
EVT-C02-20240730-CAPEX,C02-AZ-H200,CUSTOMER_PLATFORM_REALIZATION_TRACK,SRC-MSFT-20240730-CAPEX,Microsoft FY2024 Q4 Earnings Call,Microsoft Investor Relations,https://www.microsoft.com/en-us/investor/events/fy-2024/earnings-fy-2024-q4,EA4F16BBB45815098BE855E99FB72C38A282F6E8DD80ECF6E64A7D350FC335E1,Capital expenditures including finance leases were $19 billion ... Cloud and AI related spend represents nearly all of total capital expenditures,transcript lines 253-255,SIGNAL,CSP_CAPEX,COMPANY_CLOUD_AI_CAPEX,CUSTOMER_ECONOMICS,2024-06-30T23:59:59-07:00,2024-07-30T00:00:00-07:00,2024-07-31T00:00:00-07:00,DAY,COMPANY,Microsoft,OG-MSFT-FY2024-Q4-EARNINGS,A_DIRECT_FACT,ACCEPTED,UNREVIEWED,PASS,Frozen semantic contract accepted the candidate classification.,PASS,,"{""capacity_allocation"":""PRIVATE_OR_NOT_DISCLOSED"",""demand_volume"":""PRIVATE_OR_NOT_DISCLOSED"",""named_hbm_supplier"":""NOT_OBSERVED_PUBLICLY"",""platform_specific_capex"":""PRIVATE_OR_NOT_DISCLOSED"",""price"":""PRIVATE_OR_NOT_DISCLOSED"",""utilization"":""NOT_OBSERVED_PUBLICLY""}",RECOMMEND_INCLUDE,Directly supports broad company-period investment context only; it does not allocate spending to the named platform.,BROAD_SCOPE_AND_REPEATED_CONTEXT,"Confirm broad-context use, origin grouping, event precision, and prohibition on repeated denominator counting."
EVT-C02-20241002-H200-GA,C02-AZ-H200,CUSTOMER_PLATFORM_REALIZATION_TRACK,SRC-AZ-20241002-ND-H200-GA,Azure ND H200 v5 series generally available,Microsoft Azure Blog,https://azure.microsoft.com/en-us/blog/microsoft-launches-latest-azure-virtual-machines-optimized-for-ai-supercomputing-the-nd-h200-v5-series/,49281DBB76E3DF6117AAA78A98574EC1DD8146727868CD700F8783B397F6E62D,delivering new cloud-based AI-supercomputing clusters ... today. These VMs are now generally available,"opening paragraphs, web-rendered lines 30-31",OUTCOME,P1_PLATFORM_OPERATIONAL_REALIZATION,GENERAL_AVAILABILITY,PLATFORM,2024-10-02T00:00:00-07:00,2024-10-02T00:00:00-07:00,2024-10-03T00:00:00-07:00,DAY,PLATFORM,Azure ND H200 v5,OG-AZ-20241002-ND-H200-GA,A_DIRECT_FACT,ACCEPTED,UNREVIEWED,PASS,Frozen semantic contract accepted the candidate classification.,PASS,,"{""capacity_allocation"":""PRIVATE_OR_NOT_DISCLOSED"",""demand_volume"":""PRIVATE_OR_NOT_DISCLOSED"",""named_hbm_supplier"":""NOT_OBSERVED_PUBLICLY"",""platform_specific_capex"":""PRIVATE_OR_NOT_DISCLOSED"",""price"":""PRIVATE_OR_NOT_DISCLOSED"",""utilization"":""NOT_OBSERVED_PUBLICLY""}",RECOMMEND_INCLUDE,Directly supports the named platform state at the stated availability subtype.,AVAILABILITY_DOES_NOT_ESTABLISH_UTILIZATION_OR_HBM_SUPPLIER,"Confirm subtype, scope, and event precision without inferring utilization or memory demand."
EVT-C03-20230829-H100-PLAN,C03-GCP-H100,CUSTOMER_PLATFORM_REALIZATION_TRACK,SRC-GCP-20230829-A3-H100-PLAN,Announcing Cloud TPU v5e and A3 GPUs,Google Cloud Blog,https://cloud.google.com/blog/products/compute/announcing-cloud-tpu-v5e-and-a3-gpus-in-ga,D6D1372F6A6C2F3BCDBEE7FB616C550BE541D27BF67E7CFF9E4846174CC29456,"We’re also delighted to announce that our A3 VMs, based on NVIDIA H100 GPUs, delivered as a GPU Supercomputer, will be generally available next month to power your large-scale AI models.","A3 VMs section, opening paragraph",SIGNAL,PLATFORM_DEPLOYMENT_STAGE,PLANNED,PLATFORM,2023-08-29T00:00:00-07:00,2023-08-29T00:00:00-07:00,2023-08-30T00:00:00-07:00,DAY,PLATFORM,Google Cloud A3 H100,OG-GCP-20230829-A3-PLAN,B_COMPANY_CLAIM,ACCEPTED,UNREVIEWED,PASS,Frozen semantic contract accepted the candidate classification.,PASS_EVENT_TRACK_HAS_OTHER_HOLD,,"{""capacity_allocation"":""PRIVATE_OR_NOT_DISCLOSED"",""demand_volume"":""PRIVATE_OR_NOT_DISCLOSED"",""named_hbm_supplier"":""NOT_OBSERVED_PUBLICLY"",""platform_specific_capex"":""PRIVATE_OR_NOT_DISCLOSED"",""price"":""PRIVATE_OR_NOT_DISCLOSED"",""utilization"":""NOT_OBSERVED_PUBLICLY""}",RECOMMEND_INCLUDE,"Directly supports the stated planned, preview, or deployment stage.",PLANNED_PREVIEW_AND_GA_COULD_BE_COLLAPSED,Confirm exact stage and named-platform scope.
EVT-C03-20240410-H100-RETRO-GA-HOLD,C03-GCP-H100,CUSTOMER_PLATFORM_REALIZATION_TRACK,SRC-GCP-20240410-A3-H100-RETRO-GA,Accelerating AI inference with Google Cloud TPUs and GPUs,Google Cloud Blog,https://cloud.google.com/blog/products/compute/accelerating-ai-inference-with-google-cloud-tpus-and-gpus,9197BFC0FB3EE3A9F42A01B5B8476DB960CF1E38482A1C2FAAEBAB4432841822,In August 2023 we announced the general availability of A3 VMs.,"A3 VMs: Strong results for AI inference, first paragraph",OUTCOME,P1_PLATFORM_OPERATIONAL_REALIZATION,GENERAL_AVAILABILITY,PLATFORM,2023-08-31T23:59:59-07:00,2024-04-10T00:00:00-07:00,2024-04-11T00:00:00-07:00,MONTH,PLATFORM,Google Cloud A3 H100,OG-GCP-20240410-A3-RETROSPECTIVE,B_COMPANY_CLAIM,HOLD,HOLD,PASS,Frozen semantic contract accepted the candidate classification.,EVENT_HOLD_LINKED,The later retrospective month conflicts with the contemporaneous statement that GA would occur the next month.,"{""capacity_allocation"":""PRIVATE_OR_NOT_DISCLOSED"",""demand_volume"":""PRIVATE_OR_NOT_DISCLOSED"",""named_hbm_supplier"":""NOT_OBSERVED_PUBLICLY"",""platform_specific_capex"":""PRIVATE_OR_NOT_DISCLOSED"",""price"":""PRIVATE_OR_NOT_DISCLOSED"",""utilization"":""NOT_OBSERVED_PUBLICLY""}",RECOMMEND_HOLD,A later retrospective GA month conflicts with the contemporaneous forward-looking statement.,UNRESOLVED_SEMANTIC_OR_TIMING_POLICY,Select a documented human option or retain HOLD for this Gate 6.
EVT-C03-20250204-CAPEX,C03-GCP-H100,CUSTOMER_PLATFORM_REALIZATION_TRACK,SRC-ALPHABET-20250204-CAPEX,Alphabet 2024 Q4 Earnings Call,Alphabet Investor Relations,https://abc.xyz/investor/events/event-details/2025/2024-Q4-Earnings-Call/,95D4144F07419C448351D1AA9F6F4CAA6D392F6E58F5821591FE920D79774D69,"reported CapEx in the fourth quarter was $14 billion, primarily reflecting investments in our technical infrastructure",transcript line 205,SIGNAL,CSP_CAPEX,COMPANY_TECHNICAL_INFRASTRUCTURE_CAPEX,CUSTOMER_ECONOMICS,2024-12-31T23:59:59-08:00,2025-02-04T13:30:00-08:00,2025-02-04T13:30:00-08:00,DAY,COMPANY,Alphabet,OG-ALPHABET-2024-Q4-EARNINGS,A_DIRECT_FACT,ACCEPTED,UNREVIEWED,PASS,Frozen semantic contract accepted the candidate classification.,PASS_EVENT_TRACK_HAS_OTHER_HOLD,,"{""capacity_allocation"":""PRIVATE_OR_NOT_DISCLOSED"",""demand_volume"":""PRIVATE_OR_NOT_DISCLOSED"",""named_hbm_supplier"":""NOT_OBSERVED_PUBLICLY"",""platform_specific_capex"":""PRIVATE_OR_NOT_DISCLOSED"",""price"":""PRIVATE_OR_NOT_DISCLOSED"",""utilization"":""NOT_OBSERVED_PUBLICLY""}",RECOMMEND_EXCLUDE,The company-level CAPEX disclosure post-dates the retrospective H100 GA period and cannot be a pre-P1 signal for this Track.,POST_OUTCOME_CONTEXT_AND_SCOPE_MISMATCH,Confirm exclusion from this Track's empirical sequence; do not delete the Source.
EVT-C04-20241031-H200-PLAN,C04-GCP-H200,CUSTOMER_PLATFORM_REALIZATION_TRACK,SRC-GCP-20241031-A3-ULTRA-PLAN,"Trillium, our sixth-generation TPU, is now in preview",Google Cloud Blog,https://cloud.google.com/blog/products/compute/trillium-sixth-generation-tpu-is-in-preview,1EC51BA6A463E0A884F453BB5182C38AEC67C27CD789CE727835BB2C63EE966D,A3 Ultra VMs powered by NVIDIA H200 Tensor Core GPUs will be available in preview next month,"announcement bullets, web-rendered lines 85-90",SIGNAL,PLATFORM_DEPLOYMENT_STAGE,PLANNED,PLATFORM,2024-10-31T00:00:00-07:00,2024-10-31T00:00:00-07:00,2024-11-01T00:00:00-07:00,DAY,PLATFORM,Google Cloud A3 Ultra H200,OG-GCP-20241031-A3-ULTRA-PLAN,B_COMPANY_CLAIM,ACCEPTED,UNREVIEWED,PASS,Frozen semantic contract accepted the candidate classification.,PASS,,"{""capacity_allocation"":""PRIVATE_OR_NOT_DISCLOSED"",""demand_volume"":""PRIVATE_OR_NOT_DISCLOSED"",""named_hbm_supplier"":""NOT_OBSERVED_PUBLICLY"",""platform_specific_capex"":""PRIVATE_OR_NOT_DISCLOSED"",""price"":""PRIVATE_OR_NOT_DISCLOSED"",""utilization"":""NOT_OBSERVED_PUBLICLY""}",RECOMMEND_INCLUDE,"Directly supports the stated planned, preview, or deployment stage.",PLANNED_PREVIEW_AND_GA_COULD_BE_COLLAPSED,Confirm exact stage and named-platform scope.
EVT-C04-20241213-H200-PREVIEW,C04-GCP-H200,CUSTOMER_PLATFORM_REALIZATION_TRACK,SRC-GCP-20241231-A3-ULTRA-PREVIEW,What's new with Google Cloud 2024,Google Cloud Blog,https://cloud.google.com/blog/topics/inside-google-cloud/whats-new-google-cloud-2024,B95B864B98C5CBCAD9BBA1F3341265BA1EB360848A9006EC75A60612CC66D465,A3 Ultra VMs powered by NVIDIA H200 Tensor Core GPUs and Hypercompute Clusters are in preview,"Week of Dec 9-Dec 13, web-rendered line 82",SIGNAL,PLATFORM_DEPLOYMENT_STAGE,PREVIEW,PLATFORM,2024-12-13T23:59:59-08:00,2024-12-31T00:00:00-08:00,2025-01-01T00:00:00-08:00,DAY,PLATFORM,Google Cloud A3 Ultra H200,OG-GCP-2024-WHATS-NEW,A_DIRECT_FACT,ACCEPTED,UNREVIEWED,PASS,Frozen semantic contract accepted the candidate classification.,PASS,,"{""capacity_allocation"":""PRIVATE_OR_NOT_DISCLOSED"",""demand_volume"":""PRIVATE_OR_NOT_DISCLOSED"",""named_hbm_supplier"":""NOT_OBSERVED_PUBLICLY"",""platform_specific_capex"":""PRIVATE_OR_NOT_DISCLOSED"",""price"":""PRIVATE_OR_NOT_DISCLOSED"",""utilization"":""NOT_OBSERVED_PUBLICLY""}",RECOMMEND_INCLUDE,"Directly supports the stated planned, preview, or deployment stage.",PLANNED_PREVIEW_AND_GA_COULD_BE_COLLAPSED,Confirm exact stage and named-platform scope.
EVT-C04-20241231-H200-GA-RETROSPECTIVE,C04-GCP-H200,CUSTOMER_PLATFORM_REALIZATION_TRACK,SRC-GCP-20250116-A3-ULTRA-GA,A3 Ultra with NVIDIA H200 GPUs are GA on AI Hypercomputer,Google Cloud Blog,https://cloud.google.com/blog/products/compute/a3-ultra-with-nvidia-h200-gpus-are-ga-on-ai-hypercomputer/,54E5C9399B497141838A8C394C1EAC76E0407F4D7DCCE0ADC86330EFE0A51BFB,Both offerings were made generally available to close out 2024,Running distributed workloads section,OUTCOME,P1_PLATFORM_OPERATIONAL_REALIZATION,GENERAL_AVAILABILITY,PLATFORM,2024-12-31T23:59:59-08:00,2025-01-16T00:00:00-08:00,2025-01-17T00:00:00-08:00,MONTH,PLATFORM,Google Cloud A3 Ultra H200,OG-GCP-20250116-A3-ULTRA-GA,A_DIRECT_FACT,ACCEPTED,UNREVIEWED,PASS,Frozen semantic contract accepted the candidate classification.,PASS,,"{""capacity_allocation"":""PRIVATE_OR_NOT_DISCLOSED"",""demand_volume"":""PRIVATE_OR_NOT_DISCLOSED"",""named_hbm_supplier"":""NOT_OBSERVED_PUBLICLY"",""platform_specific_capex"":""PRIVATE_OR_NOT_DISCLOSED"",""price"":""PRIVATE_OR_NOT_DISCLOSED"",""utilization"":""NOT_OBSERVED_PUBLICLY""}",RECOMMEND_HOLD,The later source confirms year-end GA only retrospectively; exact occurrence timing should not be made more precise than the source.,RETROSPECTIVE_TIMING_AND_ARTIFICIAL_PRECISION,"Choose retrospective corroboration, bounded timing, or exclusion from exact-date use."
EVT-C04-20250204-CAPEX,C04-GCP-H200,CUSTOMER_PLATFORM_REALIZATION_TRACK,SRC-ALPHABET-20250204-CAPEX,Alphabet 2024 Q4 Earnings Call,Alphabet Investor Relations,https://abc.xyz/investor/events/event-details/2025/2024-Q4-Earnings-Call/,95D4144F07419C448351D1AA9F6F4CAA6D392F6E58F5821591FE920D79774D69,"reported CapEx in the fourth quarter was $14 billion, primarily reflecting investments in our technical infrastructure",transcript line 205,SIGNAL,CSP_CAPEX,COMPANY_TECHNICAL_INFRASTRUCTURE_CAPEX,CUSTOMER_ECONOMICS,2024-12-31T23:59:59-08:00,2025-02-04T13:30:00-08:00,2025-02-04T13:30:00-08:00,DAY,COMPANY,Alphabet,OG-ALPHABET-2024-Q4-EARNINGS,A_DIRECT_FACT,ACCEPTED,UNREVIEWED,PASS,Frozen semantic contract accepted the candidate classification.,PASS,,"{""capacity_allocation"":""PRIVATE_OR_NOT_DISCLOSED"",""demand_volume"":""PRIVATE_OR_NOT_DISCLOSED"",""named_hbm_supplier"":""NOT_OBSERVED_PUBLICLY"",""platform_specific_capex"":""PRIVATE_OR_NOT_DISCLOSED"",""price"":""PRIVATE_OR_NOT_DISCLOSED"",""utilization"":""NOT_OBSERVED_PUBLICLY""}",RECOMMEND_EXCLUDE,The company-level CAPEX disclosure became public after the retrospective year-end H200 GA state.,POST_OUTCOME_CONTEXT_AND_SCOPE_MISMATCH,Confirm exclusion from this Track's empirical sequence; retain as broad context only.
EVT-C05-20221231-CAPEX,C05-AWS-H100,CUSTOMER_PLATFORM_REALIZATION_TRACK,SRC-AMZN-20230203-CAPEX,Amazon 2022 Form 10-K,Amazon / SEC,https://www.sec.gov/Archives/edgar/data/1018724/000101872423000004/amzn-20221231.htm,8B4A50AA9FFC00F1A5CF9F96B1150167CBDCAA74B43BE35E7F64F6D427BDA726,"Cash capital expenditures were $59.2 billion, and $58.3 billion in 2021 and 2022, which primarily reflect investments in technology infrastructure (the majority of which is to support AWS business growth) and in additional capacity to support our fulfillment network.","Item 7, Liquidity and Capital Resources, cash capital expenditures",SIGNAL,CSP_CAPEX,COMPANY_TECH_INFRA_CAPEX,CUSTOMER_ECONOMICS,2022-12-31T23:59:59-05:00,2023-02-02T18:27:34-05:00,2023-02-02T18:27:34-05:00,MONTH,COMPANY,Amazon,OG-AMZN-2022-10K,A_DIRECT_FACT,ACCEPTED,UNREVIEWED,PASS,Frozen semantic contract accepted the candidate classification.,PASS,,"{""capacity_allocation"":""PRIVATE_OR_NOT_DISCLOSED"",""demand_volume"":""PRIVATE_OR_NOT_DISCLOSED"",""named_hbm_supplier"":""NOT_OBSERVED_PUBLICLY"",""platform_specific_capex"":""PRIVATE_OR_NOT_DISCLOSED"",""price"":""PRIVATE_OR_NOT_DISCLOSED"",""utilization"":""NOT_OBSERVED_PUBLICLY""}",RECOMMEND_INCLUDE,Directly supports broad company-period investment context only; it does not allocate spending to the named platform.,BROAD_SCOPE_AND_REPEATED_CONTEXT,"Confirm broad-context use, origin grouping, event precision, and prohibition on repeated denominator counting."
EVT-C05-20230726-H100-GA,C05-AWS-H100,CUSTOMER_PLATFORM_REALIZATION_TRACK,SRC-AWS-20230726-P5-H100-GA,New Amazon EC2 P5 Instances Powered by NVIDIA H100,AWS News Blog,https://aws.amazon.com/blogs/aws/new-amazon-ec2-p5-instances-powered-by-nvidia-h100-tensor-core-gpus-for-accelerating-generative-ai-and-hpc-applications/,905C5BDF3432C199AE3054D07D6EA0BFD5812982FB56C28A9F22C202547DE03B,"Today, we are announcing the general availability of Amazon EC2 P5 instances.","Introducing EC2 P5 Instances, opening paragraph",OUTCOME,P1_PLATFORM_OPERATIONAL_REALIZATION,GENERAL_AVAILABILITY,PLATFORM,2023-07-26T00:00:00-07:00,2023-07-26T00:00:00-07:00,2023-07-27T00:00:00-07:00,DAY,PLATFORM,Amazon EC2 P5 H100,OG-AWS-20230726-P5-GA,A_DIRECT_FACT,ACCEPTED,UNREVIEWED,PASS,Frozen semantic contract accepted the candidate classification.,PASS,,"{""capacity_allocation"":""PRIVATE_OR_NOT_DISCLOSED"",""demand_volume"":""PRIVATE_OR_NOT_DISCLOSED"",""named_hbm_supplier"":""NOT_OBSERVED_PUBLICLY"",""platform_specific_capex"":""PRIVATE_OR_NOT_DISCLOSED"",""price"":""PRIVATE_OR_NOT_DISCLOSED"",""utilization"":""NOT_OBSERVED_PUBLICLY""}",RECOMMEND_INCLUDE,Directly supports the named platform state at the stated availability subtype.,AVAILABILITY_DOES_NOT_ESTABLISH_UTILIZATION_OR_HBM_SUPPLIER,"Confirm subtype, scope, and event precision without inferring utilization or memory demand."
EVT-C06-20221231-CAPEX,C06-AWS-H200,CUSTOMER_PLATFORM_REALIZATION_TRACK,SRC-AMZN-20230203-CAPEX,Amazon 2022 Form 10-K,Amazon / SEC,https://www.sec.gov/Archives/edgar/data/1018724/000101872423000004/amzn-20221231.htm,8B4A50AA9FFC00F1A5CF9F96B1150167CBDCAA74B43BE35E7F64F6D427BDA726,"Cash capital expenditures were $59.2 billion, and $58.3 billion in 2021 and 2022, which primarily reflect investments in technology infrastructure (the majority of which is to support AWS business growth) and in additional capacity to support our fulfillment network.","Item 7, Liquidity and Capital Resources, cash capital expenditures",SIGNAL,CSP_CAPEX,COMPANY_TECH_INFRA_CAPEX,CUSTOMER_ECONOMICS,2022-12-31T23:59:59-05:00,2023-02-02T18:27:34-05:00,2023-02-02T18:27:34-05:00,MONTH,COMPANY,Amazon,OG-AMZN-2022-10K,A_DIRECT_FACT,ACCEPTED,UNREVIEWED,PASS,Frozen semantic contract accepted the candidate classification.,PASS,,"{""capacity_allocation"":""PRIVATE_OR_NOT_DISCLOSED"",""demand_volume"":""PRIVATE_OR_NOT_DISCLOSED"",""named_hbm_supplier"":""NOT_OBSERVED_PUBLICLY"",""platform_specific_capex"":""PRIVATE_OR_NOT_DISCLOSED"",""price"":""PRIVATE_OR_NOT_DISCLOSED"",""utilization"":""NOT_OBSERVED_PUBLICLY""}",RECOMMEND_INCLUDE,Directly supports broad company-period investment context only; it does not allocate spending to the named platform.,BROAD_SCOPE_AND_REPEATED_CONTEXT,"Confirm broad-context use, origin grouping, event precision, and prohibition on repeated denominator counting."
EVT-C06-20240909-H200-LIMITED,C06-AWS-H200,CUSTOMER_PLATFORM_REALIZATION_TRACK,SRC-AWS-20240909-P5E-H200-LIMITED,Amazon EC2 P5e instances available through EC2 Capacity Blocks,AWS What's New,https://aws.amazon.com/about-aws/whats-new/2024/09/amazon-ec2-p5e-instances-ec2-capacity-blocks/,E20CB4D9BA81C6AD383ABD53C76647EB79E07F8F4037E2F2D3EB76413A42DFFE,P5e instances are now available through EC2 Capacity Blocks for ML.,final availability paragraph,OUTCOME,P1_PLATFORM_OPERATIONAL_REALIZATION,LIMITED_AVAILABILITY,PLATFORM,2024-09-09T00:00:00-07:00,2024-09-09T00:00:00-07:00,2024-09-10T00:00:00-07:00,DAY,PLATFORM,Amazon EC2 P5e H200,OG-AWS-20240909-P5E-CAPACITY-BLOCK,A_DIRECT_FACT,ACCEPTED,UNREVIEWED,PASS,Frozen semantic contract accepted the candidate classification.,PASS,,"{""capacity_allocation"":""PRIVATE_OR_NOT_DISCLOSED"",""demand_volume"":""PRIVATE_OR_NOT_DISCLOSED"",""named_hbm_supplier"":""NOT_OBSERVED_PUBLICLY"",""platform_specific_capex"":""PRIVATE_OR_NOT_DISCLOSED"",""price"":""PRIVATE_OR_NOT_DISCLOSED"",""utilization"":""NOT_OBSERVED_PUBLICLY""}",RECOMMEND_INCLUDE,Directly supports the named platform state at the stated availability subtype.,AVAILABILITY_DOES_NOT_ESTABLISH_UTILIZATION_OR_HBM_SUPPLIER,"Confirm subtype, scope, and event precision without inferring utilization or memory demand."
EVT-C06-20241202-H200-GA,C06-AWS-H200,CUSTOMER_PLATFORM_REALIZATION_TRACK,SRC-AWS-20241202-P5EN-H200-GA,Amazon EC2 P5en instances generally available,AWS What's New,https://aws.amazon.com/about-aws/whats-new/2024/12/amazon-ec2-p5en-instances-generative-ai-hpc-generally-available/,FD93C5A2B5C2EDCCE8646A26FE8F8F7B916F7E2F60C629AA4DFEDF0B2C0364A2,"AWS announces the general availability of Amazon Elastic Compute Cloud (Amazon EC2) P5en instances, powered by NVIDIA H200 Tensor Core GPUs.",opening paragraph and final region paragraph,OUTCOME,P1_PLATFORM_OPERATIONAL_REALIZATION,GENERAL_AVAILABILITY,PLATFORM,2024-12-02T00:00:00-08:00,2024-12-02T00:00:00-08:00,2024-12-03T00:00:00-08:00,DAY,PLATFORM,Amazon EC2 P5en H200,OG-AWS-20241202-P5EN-GA,A_DIRECT_FACT,ACCEPTED,UNREVIEWED,PASS,Frozen semantic contract accepted the candidate classification.,PASS,,"{""capacity_allocation"":""PRIVATE_OR_NOT_DISCLOSED"",""demand_volume"":""PRIVATE_OR_NOT_DISCLOSED"",""named_hbm_supplier"":""NOT_OBSERVED_PUBLICLY"",""platform_specific_capex"":""PRIVATE_OR_NOT_DISCLOSED"",""price"":""PRIVATE_OR_NOT_DISCLOSED"",""utilization"":""NOT_OBSERVED_PUBLICLY""}",RECOMMEND_INCLUDE,Directly supports the named platform state at the stated availability subtype.,AVAILABILITY_DOES_NOT_ESTABLISH_UTILIZATION_OR_HBM_SUPPLIER,"Confirm subtype, scope, and event precision without inferring utilization or memory demand."
EVT-C07-20230531-CAPEX,C07-OCI-H100,CUSTOMER_PLATFORM_REALIZATION_TRACK,SRC-ORCL-20230612-CAPEX-CAPACITY,Oracle Announces Fiscal 2023 Fourth Quarter and Fiscal Full Year Financial Results,Oracle Investor Relations,https://investor.oracle.com/investor-news/news-details/2023/Oracle-Announces-Fiscal-2023-Fourth-Quarter-and-Fiscal-Full-Year-Financial-Results/default.aspx,55752F2DDA4E0862369D819E39ABA763FF1B5487D292BCB1F8B09DC079F87C50,"Capital expenditures (8,695). Oracle signed contracts to purchase more than $2 billion of capacity in Oracle’s Gen2 Cloud.",FY cash-flow table; executive quote paragraph on capacity contracts,SIGNAL,CSP_CAPEX,FY_REPORTED_CAPEX,CUSTOMER_ECONOMICS,2023-05-31T23:59:59-07:00,2023-06-12T00:00:00-07:00,2023-06-13T00:00:00-07:00,MONTH,COMPANY,Oracle,OG-ORCL-FY2023-Q4-EARNINGS,A_DIRECT_FACT,ACCEPTED,UNREVIEWED,PASS,Frozen semantic contract accepted the candidate classification.,PASS,,"{""capacity_allocation"":""PRIVATE_OR_NOT_DISCLOSED"",""demand_volume"":""PRIVATE_OR_NOT_DISCLOSED"",""named_hbm_supplier"":""NOT_OBSERVED_PUBLICLY"",""platform_specific_capex"":""PRIVATE_OR_NOT_DISCLOSED"",""price"":""PRIVATE_OR_NOT_DISCLOSED"",""utilization"":""NOT_OBSERVED_PUBLICLY""}",RECOMMEND_INCLUDE,Directly supports broad company-period investment context only; it does not allocate spending to the named platform.,BROAD_SCOPE_AND_REPEATED_CONTEXT,"Confirm broad-context use, origin grouping, event precision, and prohibition on repeated denominator counting."
EVT-C07-20230612-INFRA-COMMITMENT,C07-OCI-H100,CUSTOMER_PLATFORM_REALIZATION_TRACK,SRC-ORCL-20230612-CAPEX-CAPACITY,Oracle Announces Fiscal 2023 Fourth Quarter and Fiscal Full Year Financial Results,Oracle Investor Relations,https://investor.oracle.com/investor-news/news-details/2023/Oracle-Announces-Fiscal-2023-Fourth-Quarter-and-Fiscal-Full-Year-Financial-Results/default.aspx,55752F2DDA4E0862369D819E39ABA763FF1B5487D292BCB1F8B09DC079F87C50,"Capital expenditures (8,695). Oracle signed contracts to purchase more than $2 billion of capacity in Oracle’s Gen2 Cloud.",FY cash-flow table; executive quote paragraph on capacity contracts,SIGNAL,AI_INFRA_COMMITMENT,COMPANY_CAPACITY_CONTRACTS,AI_INFRASTRUCTURE,2023-06-12T00:00:00-07:00,2023-06-12T00:00:00-07:00,2023-06-13T00:00:00-07:00,DAY,COMPANY,Oracle,OG-ORCL-FY2023-Q4-EARNINGS,B_COMPANY_CLAIM,ACCEPTED,UNREVIEWED,PASS,Frozen semantic contract accepted the candidate classification.,PASS,,"{""capacity_allocation"":""PRIVATE_OR_NOT_DISCLOSED"",""demand_volume"":""PRIVATE_OR_NOT_DISCLOSED"",""named_hbm_supplier"":""NOT_OBSERVED_PUBLICLY"",""platform_specific_capex"":""PRIVATE_OR_NOT_DISCLOSED"",""price"":""PRIVATE_OR_NOT_DISCLOSED"",""utilization"":""NOT_OBSERVED_PUBLICLY""}",RECOMMEND_INCLUDE,"Directly supports a broad infrastructure-capacity commitment, not named-platform deployment.",COMPANY_CAPACITY_SCOPE_COULD_BE_ALLOCATED_TO_ONE_PLATFORM,Confirm context scope and same-origin treatment with the paired CAPEX event.
EVT-C07-20230919-H100-GA,C07-OCI-H100,CUSTOMER_PLATFORM_REALIZATION_TRACK,SRC-OCI-20230919-H100-GA,General availability of OCI Compute powered by NVIDIA H100,Oracle Cloud Infrastructure Blog,https://blogs.oracle.com/cloud-infrastructure/general-availability-oci-compute-nvidia-h100,C9459817114A85CA1ADA7A2E2E643828451B46F223810835018F88F40C2F1175,"Today, Oracle is announcing general availability of Oracle Cloud Infrastructure (OCI) bare metal Compute instances powered by NVIDIA H100 Tensor Core GPUs and NVIDIA networking.",opening paragraph,OUTCOME,P1_PLATFORM_OPERATIONAL_REALIZATION,GENERAL_AVAILABILITY,PLATFORM,2023-09-19T00:00:00-07:00,2023-09-19T00:00:00-07:00,2023-09-20T00:00:00-07:00,DAY,PLATFORM,OCI H100,OG-OCI-20230919-H100-GA,A_DIRECT_FACT,ACCEPTED,UNREVIEWED,PASS,Frozen semantic contract accepted the candidate classification.,PASS,,"{""capacity_allocation"":""PRIVATE_OR_NOT_DISCLOSED"",""demand_volume"":""PRIVATE_OR_NOT_DISCLOSED"",""named_hbm_supplier"":""NOT_OBSERVED_PUBLICLY"",""platform_specific_capex"":""PRIVATE_OR_NOT_DISCLOSED"",""price"":""PRIVATE_OR_NOT_DISCLOSED"",""utilization"":""NOT_OBSERVED_PUBLICLY""}",RECOMMEND_INCLUDE,Directly supports the named platform state at the stated availability subtype.,AVAILABILITY_DOES_NOT_ESTABLISH_UTILIZATION_OR_HBM_SUPPLIER,"Confirm subtype, scope, and event precision without inferring utilization or memory demand."
EVT-C08-20230531-CAPEX,C08-OCI-H200,CUSTOMER_PLATFORM_REALIZATION_TRACK,SRC-ORCL-20230612-CAPEX-CAPACITY,Oracle Announces Fiscal 2023 Fourth Quarter and Fiscal Full Year Financial Results,Oracle Investor Relations,https://investor.oracle.com/investor-news/news-details/2023/Oracle-Announces-Fiscal-2023-Fourth-Quarter-and-Fiscal-Full-Year-Financial-Results/default.aspx,55752F2DDA4E0862369D819E39ABA763FF1B5487D292BCB1F8B09DC079F87C50,"Capital expenditures (8,695). Oracle signed contracts to purchase more than $2 billion of capacity in Oracle’s Gen2 Cloud.",FY cash-flow table; executive quote paragraph on capacity contracts,SIGNAL,CSP_CAPEX,FY_REPORTED_CAPEX,CUSTOMER_ECONOMICS,2023-05-31T23:59:59-07:00,2023-06-12T00:00:00-07:00,2023-06-13T00:00:00-07:00,MONTH,COMPANY,Oracle,OG-ORCL-FY2023-Q4-EARNINGS,A_DIRECT_FACT,ACCEPTED,UNREVIEWED,PASS,Frozen semantic contract accepted the candidate classification.,PASS,,"{""capacity_allocation"":""PRIVATE_OR_NOT_DISCLOSED"",""demand_volume"":""PRIVATE_OR_NOT_DISCLOSED"",""named_hbm_supplier"":""NOT_OBSERVED_PUBLICLY"",""platform_specific_capex"":""PRIVATE_OR_NOT_DISCLOSED"",""price"":""PRIVATE_OR_NOT_DISCLOSED"",""utilization"":""NOT_OBSERVED_PUBLICLY""}",RECOMMEND_INCLUDE,Directly supports broad company-period investment context only; it does not allocate spending to the named platform.,BROAD_SCOPE_AND_REPEATED_CONTEXT,"Confirm broad-context use, origin grouping, event precision, and prohibition on repeated denominator counting."
EVT-C08-20240911-H200-PLAN,C08-OCI-H200,CUSTOMER_PLATFORM_REALIZATION_TRACK,SRC-OCI-20240911-H200-PLAN,The world's largest AI supercomputer in the cloud,Oracle Cloud Infrastructure Blog,https://blogs.oracle.com/cloud-infrastructure/worlds-largest-ai-supercomputer-in-the-cloud,A44EE044C18034A53B8A7CA4B6AFE3F63D66743AA7E00582FB8B4278286F16D6,Orderable now: OCI Compute bare metal with NVIDIA H200 Tensor Core GPUs (Generally available later this year),announcement list; Broadest portfolio section,SIGNAL,PLATFORM_LAUNCH,PLANNED,PLATFORM,2024-09-11T00:00:00-07:00,2024-09-11T00:00:00-07:00,2024-09-12T00:00:00-07:00,DAY,PLATFORM,OCI H200,OG-OCI-20240911-H200-ORDERABLE,B_COMPANY_CLAIM,ACCEPTED,UNREVIEWED,PASS,Frozen semantic contract accepted the candidate classification.,PASS,,"{""capacity_allocation"":""PRIVATE_OR_NOT_DISCLOSED"",""demand_volume"":""PRIVATE_OR_NOT_DISCLOSED"",""named_hbm_supplier"":""NOT_OBSERVED_PUBLICLY"",""platform_specific_capex"":""PRIVATE_OR_NOT_DISCLOSED"",""price"":""PRIVATE_OR_NOT_DISCLOSED"",""utilization"":""NOT_OBSERVED_PUBLICLY""}",RECOMMEND_INCLUDE,"Directly supports a named-platform plan/announcement, not operational availability.",PLAN_COULD_BE_MISREAD_AS_REALIZATION,Confirm plan-only role and later-state separation.
EVT-C08-20241118-H200-GA,C08-OCI-H200,CUSTOMER_PLATFORM_REALIZATION_TRACK,SRC-OCI-20241118-H200-GA,OCI Supercluster with NVIDIA H200 now generally available,Oracle Cloud Infrastructure Blog,https://blogs.oracle.com/cloud-infrastructure/now-ga-largest-ai-supercomputer-oci-nvidia-h200,B7FCBF81505C845DFED518FDB922C5C65BC265EA35C70651F58F218230157580,We’re excited to announce the general availability of Oracle Cloud Infrastructure (OCI) Supercluster with NVIDIA H200 Tensor Core GPUs.,opening paragraph,OUTCOME,P1_PLATFORM_OPERATIONAL_REALIZATION,GENERAL_AVAILABILITY,PLATFORM,2024-11-18T00:00:00-08:00,2024-11-18T00:00:00-08:00,2024-11-19T00:00:00-08:00,DAY,PLATFORM,OCI H200,OG-OCI-20241118-H200-GA,A_DIRECT_FACT,ACCEPTED,UNREVIEWED,PASS,Frozen semantic contract accepted the candidate classification.,PASS,,"{""capacity_allocation"":""PRIVATE_OR_NOT_DISCLOSED"",""demand_volume"":""PRIVATE_OR_NOT_DISCLOSED"",""named_hbm_supplier"":""NOT_OBSERVED_PUBLICLY"",""platform_specific_capex"":""PRIVATE_OR_NOT_DISCLOSED"",""price"":""PRIVATE_OR_NOT_DISCLOSED"",""utilization"":""NOT_OBSERVED_PUBLICLY""}",RECOMMEND_INCLUDE,Directly supports the named platform state at the stated availability subtype.,AVAILABILITY_DOES_NOT_ESTABLISH_UTILIZATION_OR_HBM_SUPPLIER,"Confirm subtype, scope, and event precision without inferring utilization or memory demand."
EVT-C09-20231231-CAPEX-GUIDANCE,C09-META-H100,CUSTOMER_PLATFORM_REALIZATION_TRACK,SRC-META-20240201-CAPEX,Meta Reports Fourth Quarter and Full Year 2023 Results,Meta Investor Relations,https://investor.atmeta.com/investor-news/press-release-details/2024/Meta-Reports-Fourth-Quarter-and-Full-Year-2023-Results-Initiates-Quarterly-Dividend/default.aspx,181A6A3499E95E6F44AF697374BF1E826D1F0BC5FBF8E1CD93C573BD7CEF63B8,We anticipate our full-year 2024 capital expenditures will be in the range of $30-37 billion. We expect our ambitious long-term AI research and product development efforts will require growing infrastructure investments beyond this year.,"2024 outlook, capital expenditures and infrastructure paragraph",SIGNAL,CSP_CAPEX,COMPANY_AI_INFRA_CAPEX_GUIDANCE,CUSTOMER_ECONOMICS,2023-12-31T23:59:59-08:00,2024-02-01T00:00:00-08:00,2024-02-02T00:00:00-08:00,MONTH,COMPANY,Meta,OG-META-2023Q4-RESULTS,B_COMPANY_CLAIM,ACCEPTED,UNREVIEWED,PASS,Frozen semantic contract accepted the candidate classification.,PASS,,"{""capacity_allocation"":""PRIVATE_OR_NOT_DISCLOSED"",""demand_volume"":""PRIVATE_OR_NOT_DISCLOSED"",""named_hbm_supplier"":""NOT_OBSERVED_PUBLICLY"",""platform_specific_capex"":""PRIVATE_OR_NOT_DISCLOSED"",""price"":""PRIVATE_OR_NOT_DISCLOSED"",""utilization"":""NOT_OBSERVED_PUBLICLY""}",RECOMMEND_INCLUDE,Directly supports broad company-period investment context only; it does not allocate spending to the named platform.,BROAD_SCOPE_AND_REPEATED_CONTEXT,"Confirm broad-context use, origin grouping, event precision, and prohibition on repeated denominator counting."
EVT-C09-20240312-H100-OPERATIONAL,C09-META-H100,CUSTOMER_PLATFORM_REALIZATION_TRACK,SRC-META-20240312-H100-OPERATIONAL,Building Meta's GenAI Infrastructure,Meta Engineering,https://engineering.fb.com/2024/03/12/data-center-engineering/building-metas-genai-infrastructure/,68906BFB64251D718823425970DAC297810946797EA185CE865BDD69FE4EF467,"Today, we’re sharing details on two versions of our 24,576-GPU data center scale cluster at Meta. These clusters support our current and next generation AI models, including Llama 3, our most ambitious large language model yet.",opening paragraphs,OUTCOME,P1_PLATFORM_OPERATIONAL_REALIZATION,INSTALLED_OPERATIONAL,PLATFORM,2024-03-12T00:00:00-07:00,2024-03-12T00:00:00-07:00,2024-03-13T00:00:00-07:00,DAY,PLATFORM,Meta internal H100 clusters,OG-META-20240312-H100-CLUSTERS,A_DIRECT_FACT,ACCEPTED,UNREVIEWED,PASS,Frozen semantic contract accepted the candidate classification.,PASS,,"{""capacity_allocation"":""PRIVATE_OR_NOT_DISCLOSED"",""demand_volume"":""PRIVATE_OR_NOT_DISCLOSED"",""named_hbm_supplier"":""NOT_OBSERVED_PUBLICLY"",""platform_specific_capex"":""PRIVATE_OR_NOT_DISCLOSED"",""price"":""PRIVATE_OR_NOT_DISCLOSED"",""utilization"":""NOT_OBSERVED_PUBLICLY""}",RECOMMEND_INCLUDE,Directly supports the named platform state at the stated availability subtype.,AVAILABILITY_DOES_NOT_ESTABLISH_UTILIZATION_OR_HBM_SUPPLIER,"Confirm subtype, scope, and event precision without inferring utilization or memory demand."
EVT-C10-20240730-CAPEX,C10-AZ-GB200,CUSTOMER_PLATFORM_REALIZATION_TRACK,SRC-MSFT-20240730-CAPEX,Microsoft FY2024 Q4 Earnings Call,Microsoft Investor Relations,https://www.microsoft.com/en-us/investor/events/fy-2024/earnings-fy-2024-q4,EA4F16BBB45815098BE855E99FB72C38A282F6E8DD80ECF6E64A7D350FC335E1,Capital expenditures including finance leases were $19 billion ... Cloud and AI related spend represents nearly all of total capital expenditures,transcript lines 253-255,SIGNAL,CSP_CAPEX,COMPANY_CLOUD_AI_CAPEX,CUSTOMER_ECONOMICS,2024-06-30T23:59:59-07:00,2024-07-30T00:00:00-07:00,2024-07-31T00:00:00-07:00,DAY,COMPANY,Microsoft,OG-MSFT-FY2024-Q4-EARNINGS,A_DIRECT_FACT,ACCEPTED,UNREVIEWED,PASS,Frozen semantic contract accepted the candidate classification.,PASS,,"{""capacity_allocation"":""PRIVATE_OR_NOT_DISCLOSED"",""demand_volume"":""PRIVATE_OR_NOT_DISCLOSED"",""named_hbm_supplier"":""NOT_OBSERVED_PUBLICLY"",""platform_specific_capex"":""PRIVATE_OR_NOT_DISCLOSED"",""price"":""PRIVATE_OR_NOT_DISCLOSED"",""utilization"":""NOT_OBSERVED_PUBLICLY""}",RECOMMEND_INCLUDE,Directly supports broad company-period investment context only; it does not allocate spending to the named platform.,BROAD_SCOPE_AND_REPEATED_CONTEXT,"Confirm broad-context use, origin grouping, event precision, and prohibition on repeated denominator counting."
EVT-C10-20241119-GB200-PREVIEW,C10-AZ-GB200,CUSTOMER_PLATFORM_REALIZATION_TRACK,SRC-AZ-20241119-GB200-PREVIEW,Scale AI transformation with cloud infrastructure,Microsoft Azure Blog,https://azure.microsoft.com/en-us/blog/scale-your-ai-transformation-with-a-powerful-secure-and-adaptive-cloud-infrastructure/,68A55AF3425C33DE43E62941ADD4A0E2EA42A96359F476529C093D7F4D260012,"We are beginning to bring these systems online in preview, co-validating and co-optimizing with NIVIDIA and other AI leaders. Azure ND GB200 v6 will be a new AI optimized Virtual Machines series and combines the NVIDIA GB200 NVL 72 rack-scale design with state-of-the-art Quantum InfiniBand networking.",GB200 systems paragraph,SIGNAL,PLATFORM_DEPLOYMENT_STAGE,PREVIEW,PLATFORM,2024-11-19T00:00:00-08:00,2024-11-19T00:00:00-08:00,2024-11-20T00:00:00-08:00,DAY,PLATFORM,Azure ND GB200 v6,OG-AZ-20241119-GB200-PREVIEW,A_DIRECT_FACT,ACCEPTED,UNREVIEWED,PASS,Frozen semantic contract accepted the candidate classification.,PASS,,"{""capacity_allocation"":""PRIVATE_OR_NOT_DISCLOSED"",""demand_volume"":""PRIVATE_OR_NOT_DISCLOSED"",""named_hbm_supplier"":""NOT_OBSERVED_PUBLICLY"",""platform_specific_capex"":""PRIVATE_OR_NOT_DISCLOSED"",""price"":""PRIVATE_OR_NOT_DISCLOSED"",""utilization"":""NOT_OBSERVED_PUBLICLY""}",RECOMMEND_INCLUDE,"Directly supports the stated planned, preview, or deployment stage.",PLANNED_PREVIEW_AND_GA_COULD_BE_COLLAPSED,Confirm exact stage and named-platform scope.
EVT-C10-20250318-GB200-GA,C10-AZ-GB200,CUSTOMER_PLATFORM_REALIZATION_TRACK,SRC-AZ-20250318-GB200-GA,Microsoft and NVIDIA accelerate AI development and performance,Microsoft Azure Blog,https://azure.microsoft.com/en-us/blog/microsoft-and-nvidia-accelerate-ai-development-and-performance/,82836021A9E73B3FC8D38A15369C50F54FB4AE58C441917E29016322CF2A8C94,"Today, Microsoft is excited to announce the general availability of Azure ND GB200 V6 virtual machine (VM) series accelerated by NVIDIA GB200 NVL72 and NVIDIA Quantum InfiniBand networking.",ND GB200 V6 general availability paragraph,OUTCOME,P1_PLATFORM_OPERATIONAL_REALIZATION,GENERAL_AVAILABILITY,PLATFORM,2025-03-18T00:00:00-07:00,2025-03-18T00:00:00-07:00,2025-03-19T00:00:00-07:00,DAY,PLATFORM,Azure ND GB200 v6,OG-AZ-20250318-GB200-GA,A_DIRECT_FACT,ACCEPTED,UNREVIEWED,PASS,Frozen semantic contract accepted the candidate classification.,PASS,,"{""capacity_allocation"":""PRIVATE_OR_NOT_DISCLOSED"",""demand_volume"":""PRIVATE_OR_NOT_DISCLOSED"",""named_hbm_supplier"":""NOT_OBSERVED_PUBLICLY"",""platform_specific_capex"":""PRIVATE_OR_NOT_DISCLOSED"",""price"":""PRIVATE_OR_NOT_DISCLOSED"",""utilization"":""NOT_OBSERVED_PUBLICLY""}",RECOMMEND_INCLUDE,Directly supports the named platform state at the stated availability subtype.,AVAILABILITY_DOES_NOT_ESTABLISH_UTILIZATION_OR_HBM_SUPPLIER,"Confirm subtype, scope, and event precision without inferring utilization or memory demand."
EVT-C11-20250131-B200-PREVIEW,C11-GCP-B200,CUSTOMER_PLATFORM_REALIZATION_TRACK,SRC-GCP-20250131-A4-B200-PREVIEW,Introducing A4 VMs powered by NVIDIA B200 GPU,Google Cloud Blog,https://cloud.google.com/blog/products/compute/introducing-a4-vms-powered-by-nvidia-b200-gpu-aka-blackwell/,292400EC5ED771303A76F02D54F803C7088082D1194F917E85702E45EE962542,"Today, we’re excited to bring the highly-anticipated NVIDIA Blackwell GPUs to Google Cloud with the preview of A4 VMs, powered by NVIDIA HGX B200.",opening paragraph,SIGNAL,PLATFORM_DEPLOYMENT_STAGE,PREVIEW,PLATFORM,2025-01-31T00:00:00-08:00,2025-01-31T00:00:00-08:00,2025-02-01T00:00:00-08:00,DAY,PLATFORM,Google Cloud A4 B200,OG-GCP-20250131-A4-B200-PREVIEW,A_DIRECT_FACT,ACCEPTED,UNREVIEWED,PASS,Frozen semantic contract accepted the candidate classification.,PASS,,"{""capacity_allocation"":""PRIVATE_OR_NOT_DISCLOSED"",""demand_volume"":""PRIVATE_OR_NOT_DISCLOSED"",""named_hbm_supplier"":""NOT_OBSERVED_PUBLICLY"",""platform_specific_capex"":""PRIVATE_OR_NOT_DISCLOSED"",""price"":""PRIVATE_OR_NOT_DISCLOSED"",""utilization"":""NOT_OBSERVED_PUBLICLY""}",RECOMMEND_INCLUDE,"Directly supports the stated planned, preview, or deployment stage.",PLANNED_PREVIEW_AND_GA_COULD_BE_COLLAPSED,Confirm exact stage and named-platform scope.
EVT-C11-20250204-CAPEX,C11-GCP-B200,CUSTOMER_PLATFORM_REALIZATION_TRACK,SRC-ALPHABET-20250204-CAPEX,Alphabet 2024 Q4 Earnings Call,Alphabet Investor Relations,https://abc.xyz/investor/events/event-details/2025/2024-Q4-Earnings-Call/,95D4144F07419C448351D1AA9F6F4CAA6D392F6E58F5821591FE920D79774D69,"reported CapEx in the fourth quarter was $14 billion, primarily reflecting investments in our technical infrastructure",transcript line 205,SIGNAL,CSP_CAPEX,COMPANY_TECHNICAL_INFRASTRUCTURE_CAPEX,CUSTOMER_ECONOMICS,2024-12-31T23:59:59-08:00,2025-02-04T13:30:00-08:00,2025-02-04T13:30:00-08:00,DAY,COMPANY,Alphabet,OG-ALPHABET-2024-Q4-EARNINGS,A_DIRECT_FACT,ACCEPTED,UNREVIEWED,PASS,Frozen semantic contract accepted the candidate classification.,PASS,,"{""capacity_allocation"":""PRIVATE_OR_NOT_DISCLOSED"",""demand_volume"":""PRIVATE_OR_NOT_DISCLOSED"",""named_hbm_supplier"":""NOT_OBSERVED_PUBLICLY"",""platform_specific_capex"":""PRIVATE_OR_NOT_DISCLOSED"",""price"":""PRIVATE_OR_NOT_DISCLOSED"",""utilization"":""NOT_OBSERVED_PUBLICLY""}",RECOMMEND_INCLUDE,Directly supports broad company-period investment context only; it does not allocate spending to the named platform.,BROAD_SCOPE_AND_REPEATED_CONTEXT,"Confirm broad-context use, origin grouping, event precision, and prohibition on repeated denominator counting."
EVT-C11-20250318-B200-GA,C11-GCP-B200,CUSTOMER_PLATFORM_REALIZATION_TRACK,SRC-GCP-20250318-A4-B200-GA,Google Cloud goes to NVIDIA GTC,Google Cloud Blog,https://cloud.google.com/blog/products/compute/google-cloud-goes-to-nvidia-gtc,21F32EC67B378A5A3E73D9ADEC0703977541553A279F764740CD31E2450CB4D0,"We’re are pleased to announce that A4 VMs are generally available, and that A4X VMs are in preview with general availability coming soon.",A4 and A4X availability paragraph,OUTCOME,P1_PLATFORM_OPERATIONAL_REALIZATION,GENERAL_AVAILABILITY,PLATFORM,2025-03-18T00:00:00-07:00,2025-03-18T00:00:00-07:00,2025-03-19T00:00:00-07:00,DAY,PLATFORM,Google Cloud A4 B200,OG-GCP-20250318-A4-A4X,A_DIRECT_FACT,ACCEPTED,UNREVIEWED,PASS,Frozen semantic contract accepted the candidate classification.,PASS,,"{""capacity_allocation"":""PRIVATE_OR_NOT_DISCLOSED"",""demand_volume"":""PRIVATE_OR_NOT_DISCLOSED"",""named_hbm_supplier"":""NOT_OBSERVED_PUBLICLY"",""platform_specific_capex"":""PRIVATE_OR_NOT_DISCLOSED"",""price"":""PRIVATE_OR_NOT_DISCLOSED"",""utilization"":""NOT_OBSERVED_PUBLICLY""}",RECOMMEND_INCLUDE,Directly supports the named platform state at the stated availability subtype.,AVAILABILITY_DOES_NOT_ESTABLISH_UTILIZATION_OR_HBM_SUPPLIER,"Confirm subtype, scope, and event precision without inferring utilization or memory demand."
EVT-C11-20250318-GB200-PREVIEW,C11-GCP-B200,CUSTOMER_PLATFORM_REALIZATION_TRACK,SRC-GCP-20250318-A4-B200-GA,Google Cloud goes to NVIDIA GTC,Google Cloud Blog,https://cloud.google.com/blog/products/compute/google-cloud-goes-to-nvidia-gtc,21F32EC67B378A5A3E73D9ADEC0703977541553A279F764740CD31E2450CB4D0,"We’re are pleased to announce that A4 VMs are generally available, and that A4X VMs are in preview with general availability coming soon.",A4 and A4X availability paragraph,SIGNAL,PLATFORM_DEPLOYMENT_STAGE,PREVIEW,PLATFORM,2025-03-18T00:00:00-07:00,2025-03-18T00:00:00-07:00,2025-03-19T00:00:00-07:00,DAY,PLATFORM,Google Cloud A4X GB200,OG-GCP-20250318-A4-A4X,A_DIRECT_FACT,ACCEPTED,UNREVIEWED,PASS,Frozen semantic contract accepted the candidate classification.,PASS,,"{""capacity_allocation"":""PRIVATE_OR_NOT_DISCLOSED"",""demand_volume"":""PRIVATE_OR_NOT_DISCLOSED"",""named_hbm_supplier"":""NOT_OBSERVED_PUBLICLY"",""platform_specific_capex"":""PRIVATE_OR_NOT_DISCLOSED"",""price"":""PRIVATE_OR_NOT_DISCLOSED"",""utilization"":""NOT_OBSERVED_PUBLICLY""}",RECOMMEND_INCLUDE,"Directly supports the stated planned, preview, or deployment stage.",PLANNED_PREVIEW_AND_GA_COULD_BE_COLLAPSED,Confirm exact stage and named-platform scope.
EVT-C12-20221231-CAPEX,C12-AWS-B200,CUSTOMER_PLATFORM_REALIZATION_TRACK,SRC-AMZN-20230203-CAPEX,Amazon 2022 Form 10-K,Amazon / SEC,https://www.sec.gov/Archives/edgar/data/1018724/000101872423000004/amzn-20221231.htm,8B4A50AA9FFC00F1A5CF9F96B1150167CBDCAA74B43BE35E7F64F6D427BDA726,"Cash capital expenditures were $59.2 billion, and $58.3 billion in 2021 and 2022, which primarily reflect investments in technology infrastructure (the majority of which is to support AWS business growth) and in additional capacity to support our fulfillment network.","Item 7, Liquidity and Capital Resources, cash capital expenditures",SIGNAL,CSP_CAPEX,COMPANY_TECH_INFRA_CAPEX,CUSTOMER_ECONOMICS,2022-12-31T23:59:59-05:00,2023-02-02T18:27:34-05:00,2023-02-02T18:27:34-05:00,MONTH,COMPANY,Amazon,OG-AMZN-2022-10K,A_DIRECT_FACT,ACCEPTED,UNREVIEWED,PASS,Frozen semantic contract accepted the candidate classification.,PASS,,"{""capacity_allocation"":""PRIVATE_OR_NOT_DISCLOSED"",""demand_volume"":""PRIVATE_OR_NOT_DISCLOSED"",""named_hbm_supplier"":""NOT_OBSERVED_PUBLICLY"",""platform_specific_capex"":""PRIVATE_OR_NOT_DISCLOSED"",""price"":""PRIVATE_OR_NOT_DISCLOSED"",""utilization"":""NOT_OBSERVED_PUBLICLY""}",RECOMMEND_INCLUDE,Directly supports broad company-period investment context only; it does not allocate spending to the named platform.,BROAD_SCOPE_AND_REPEATED_CONTEXT,"Confirm broad-context use, origin grouping, event precision, and prohibition on repeated denominator counting."
EVT-C12-20250515-B200-LIMITED,C12-AWS-B200,CUSTOMER_PLATFORM_REALIZATION_TRACK,SRC-AWS-20250515-P6-B200-LIMITED,Amazon EC2 P6-B200 instances generally available,AWS What's New,https://aws.amazon.com/about-aws/whats-new/2025/05/amazon-ec2-p6-b200-instances-nvidia-b200-gpus/,73BB779F721A5CC85A6C1DC53ECC17BFB5F687AC576C1E43907C1CB8294B791B,"Today, AWS announces the general availability of Amazon Elastic Compute Cloud (Amazon EC2) P6-B200 instances, accelerated by NVIDIA B200 GPUs.",opening paragraph; Capacity Blocks availability paragraph,OUTCOME,P1_PLATFORM_OPERATIONAL_REALIZATION,LIMITED_AVAILABILITY,PLATFORM,2025-05-15T00:00:00-07:00,2025-05-15T00:00:00-07:00,2025-05-16T00:00:00-07:00,DAY,PLATFORM,Amazon EC2 P6-B200,OG-AWS-20250515-P6-B200,A_DIRECT_FACT,ACCEPTED,UNREVIEWED,PASS,Frozen semantic contract accepted the candidate classification.,PASS,,"{""capacity_allocation"":""PRIVATE_OR_NOT_DISCLOSED"",""demand_volume"":""PRIVATE_OR_NOT_DISCLOSED"",""named_hbm_supplier"":""NOT_OBSERVED_PUBLICLY"",""platform_specific_capex"":""PRIVATE_OR_NOT_DISCLOSED"",""price"":""PRIVATE_OR_NOT_DISCLOSED"",""utilization"":""NOT_OBSERVED_PUBLICLY""}",RECOMMEND_INCLUDE,Directly supports the named platform state at the stated availability subtype.,AVAILABILITY_DOES_NOT_ESTABLISH_UTILIZATION_OR_HBM_SUPPLIER,"Confirm subtype, scope, and event precision without inferring utilization or memory demand."
EVT-C12-20250709-GB200-GA,C12-AWS-B200,CUSTOMER_PLATFORM_REALIZATION_TRACK,SRC-AWS-20250709-P6E-GB200-GA,AWS AI infrastructure with NVIDIA Blackwell,AWS Machine Learning Blog,https://aws.amazon.com/blogs/machine-learning/aws-ai-infrastructure-with-nvidia-blackwell-two-powerful-compute-solutions-for-the-next-frontier-of-ai/,CD21DF0262B5AA9542A0D4C8E9235CF00FC502C80A881362465BB3F6344F12F0,"we’re excited to announce general availability of P6e-GB200 UltraServers, accelerated by NVIDIA Grace Blackwell Superchips.",P6e-GB200 availability paragraph,OUTCOME,P1_PLATFORM_OPERATIONAL_REALIZATION,GENERAL_AVAILABILITY,PLATFORM,2025-07-09T00:00:00-07:00,2025-07-09T00:00:00-07:00,2025-07-10T00:00:00-07:00,DAY,PLATFORM,Amazon EC2 P6e-GB200,OG-AWS-20250709-P6E-GB200,A_DIRECT_FACT,ACCEPTED,UNREVIEWED,PASS,Frozen semantic contract accepted the candidate classification.,PASS,,"{""capacity_allocation"":""PRIVATE_OR_NOT_DISCLOSED"",""demand_volume"":""PRIVATE_OR_NOT_DISCLOSED"",""named_hbm_supplier"":""NOT_OBSERVED_PUBLICLY"",""platform_specific_capex"":""PRIVATE_OR_NOT_DISCLOSED"",""price"":""PRIVATE_OR_NOT_DISCLOSED"",""utilization"":""NOT_OBSERVED_PUBLICLY""}",RECOMMEND_INCLUDE,Directly supports the named platform state at the stated availability subtype.,AVAILABILITY_DOES_NOT_ESTABLISH_UTILIZATION_OR_HBM_SUPPLIER,"Confirm subtype, scope, and event precision without inferring utilization or memory demand."
EVT-C13-20230531-CAPEX,C13-OCI-B200,CUSTOMER_PLATFORM_REALIZATION_TRACK,SRC-ORCL-20230612-CAPEX-CAPACITY,Oracle Announces Fiscal 2023 Fourth Quarter and Fiscal Full Year Financial Results,Oracle Investor Relations,https://investor.oracle.com/investor-news/news-details/2023/Oracle-Announces-Fiscal-2023-Fourth-Quarter-and-Fiscal-Full-Year-Financial-Results/default.aspx,55752F2DDA4E0862369D819E39ABA763FF1B5487D292BCB1F8B09DC079F87C50,"Capital expenditures (8,695). Oracle signed contracts to purchase more than $2 billion of capacity in Oracle’s Gen2 Cloud.",FY cash-flow table; executive quote paragraph on capacity contracts,SIGNAL,CSP_CAPEX,FY_REPORTED_CAPEX,CUSTOMER_ECONOMICS,2023-05-31T23:59:59-07:00,2023-06-12T00:00:00-07:00,2023-06-13T00:00:00-07:00,MONTH,COMPANY,Oracle,OG-ORCL-FY2023-Q4-EARNINGS,A_DIRECT_FACT,ACCEPTED,UNREVIEWED,PASS,Frozen semantic contract accepted the candidate classification.,PASS,,"{""capacity_allocation"":""PRIVATE_OR_NOT_DISCLOSED"",""demand_volume"":""PRIVATE_OR_NOT_DISCLOSED"",""named_hbm_supplier"":""NOT_OBSERVED_PUBLICLY"",""platform_specific_capex"":""PRIVATE_OR_NOT_DISCLOSED"",""price"":""PRIVATE_OR_NOT_DISCLOSED"",""utilization"":""NOT_OBSERVED_PUBLICLY""}",RECOMMEND_INCLUDE,Directly supports broad company-period investment context only; it does not allocate spending to the named platform.,BROAD_SCOPE_AND_REPEATED_CONTEXT,"Confirm broad-context use, origin grouping, event precision, and prohibition on repeated denominator counting."
EVT-C13-20240911-BLACKWELL-PLAN,C13-OCI-B200,CUSTOMER_PLATFORM_REALIZATION_TRACK,SRC-OCI-20240911-BLACKWELL-PLAN,OCI Blackwell compute order and planned availability,Oracle Cloud Infrastructure Blog,https://blogs.oracle.com/cloud-infrastructure/worlds-largest-ai-supercomputer-in-the-cloud,32F7869A977DB0F8DABE5B3C77F040CB1369D6440C001630B4B54EB70C3F3AD2,Orderable now: OCI Compute bare metal with NVIDIA Blackwell GPUs (Generally available H1 2025). OCI Compute bare metal with NVIDIA GB200 NVL72 (Generally available H1 2025).,announcement list; Blackwell entries,SIGNAL,PLATFORM_LAUNCH,PLANNED,PLATFORM,2024-09-11T00:00:00-07:00,2024-09-11T00:00:00-07:00,2024-09-12T00:00:00-07:00,DAY,PLATFORM,OCI B200 / GB200,OG-OCI-20240911-BLACKWELL-ORDERABLE,B_COMPANY_CLAIM,ACCEPTED,UNREVIEWED,PASS,Frozen semantic contract accepted the candidate classification.,PASS,,"{""capacity_allocation"":""PRIVATE_OR_NOT_DISCLOSED"",""demand_volume"":""PRIVATE_OR_NOT_DISCLOSED"",""named_hbm_supplier"":""NOT_OBSERVED_PUBLICLY"",""platform_specific_capex"":""PRIVATE_OR_NOT_DISCLOSED"",""price"":""PRIVATE_OR_NOT_DISCLOSED"",""utilization"":""NOT_OBSERVED_PUBLICLY""}",RECOMMEND_INCLUDE,"Directly supports a named-platform plan/announcement, not operational availability.",PLAN_COULD_BE_MISREAD_AS_REALIZATION,Confirm plan-only role and later-state separation.
EVT-C14-20231231-CAPEX-GUIDANCE,C14-META-GB200,CUSTOMER_PLATFORM_REALIZATION_TRACK,SRC-META-20240201-CAPEX,Meta Reports Fourth Quarter and Full Year 2023 Results,Meta Investor Relations,https://investor.atmeta.com/investor-news/press-release-details/2024/Meta-Reports-Fourth-Quarter-and-Full-Year-2023-Results-Initiates-Quarterly-Dividend/default.aspx,181A6A3499E95E6F44AF697374BF1E826D1F0BC5FBF8E1CD93C573BD7CEF63B8,We anticipate our full-year 2024 capital expenditures will be in the range of $30-37 billion. We expect our ambitious long-term AI research and product development efforts will require growing infrastructure investments beyond this year.,"2024 outlook, capital expenditures and infrastructure paragraph",SIGNAL,CSP_CAPEX,COMPANY_AI_INFRA_CAPEX_GUIDANCE,CUSTOMER_ECONOMICS,2023-12-31T23:59:59-08:00,2024-02-01T00:00:00-08:00,2024-02-02T00:00:00-08:00,MONTH,COMPANY,Meta,OG-META-2023Q4-RESULTS,B_COMPANY_CLAIM,ACCEPTED,UNREVIEWED,PASS,Frozen semantic contract accepted the candidate classification.,PASS_EVENT_TRACK_HAS_OTHER_HOLD,,"{""capacity_allocation"":""PRIVATE_OR_NOT_DISCLOSED"",""demand_volume"":""PRIVATE_OR_NOT_DISCLOSED"",""named_hbm_supplier"":""NOT_OBSERVED_PUBLICLY"",""platform_specific_capex"":""PRIVATE_OR_NOT_DISCLOSED"",""price"":""PRIVATE_OR_NOT_DISCLOSED"",""utilization"":""NOT_OBSERVED_PUBLICLY""}",RECOMMEND_INCLUDE,Directly supports broad company-period investment context only; it does not allocate spending to the named platform.,BROAD_SCOPE_AND_REPEATED_CONTEXT,"Confirm broad-context use, origin grouping, event precision, and prohibition on repeated denominator counting."
EVT-C14-20250929-GB200-INSTALLED-HOLD,C14-META-GB200,CUSTOMER_PLATFORM_REALIZATION_TRACK,SRC-META-20250929-GB200-INSTALLED,Meta's infrastructure evolution and the advent of AI,Meta Engineering,https://engineering.fb.com/2025/09/29/data-infrastructure/metas-infrastructure-evolution-and-the-advent-of-ai/,13D343448EA5FB0B7C080BFEC88E848F2E35A47408F5FDC8B7C225F1D8704469,"Our GB200 rack, Catalina, with AALC systems connected into single pod.",GB200 rack image caption,OUTCOME,P1_PLATFORM_OPERATIONAL_REALIZATION,INSTALLED_OPERATIONAL,PLATFORM,2025-09-29T00:00:00-07:00,2025-09-29T00:00:00-07:00,2025-09-30T00:00:00-07:00,DAY,PLATFORM,Meta Catalina GB200 rack,OG-META-20250929-GB200-CATALINA,A_DIRECT_FACT,HOLD,HOLD,REJECTED,installed disclosure alone cannot become operational realization,EVENT_HOLD_LINKED,The image caption establishes a rack configuration but not an operational workload.,"{""capacity_allocation"":""PRIVATE_OR_NOT_DISCLOSED"",""demand_volume"":""PRIVATE_OR_NOT_DISCLOSED"",""named_hbm_supplier"":""NOT_OBSERVED_PUBLICLY"",""platform_specific_capex"":""PRIVATE_OR_NOT_DISCLOSED"",""price"":""PRIVATE_OR_NOT_DISCLOSED"",""utilization"":""NOT_OBSERVED_PUBLICLY""}",RECOMMEND_EXCLUDE,"A rack image caption establishes configuration, not an operating workload or customer-available service.",DETERMINISTIC_OR_SEMANTIC_STAGE_INFLATION,Choose exclusion or a strictly contextual retention; do not promote the proposed empirical class.
EVT-P01-20220608-PRODUCTION-CONTEXT,P01-SKH-HBM3,PRODUCT_COMMERCIALIZATION_TRACK,SRC-SKH-20220608-HBM3,SK hynix to Supply Industry's First HBM3 DRAM to NVIDIA,SK hynix Newsroom,https://news.skhynix.com/en/sk-hynix-to-supply-industrys-first-hbm3-dram-to-nvidia/,73A69326E2FD377B7087DC0597878704EFE5E1A65E534A1FDE4279391870BE62,SK hynix announced that it began mass production of HBM3. NVIDIA has recently completed its performance evaluation of SK hynix’s HBM3 samples. SK hynix will provide HBM3 for NVIDIA systems expected to ship starting in the third quarter of this year.,"News Highlights; opening body paragraphs on production, NVIDIA evaluation, and future system supply",CONTEXT,PRODUCTION_STAGE_CONTEXT,MASS_PRODUCTION_STARTED,SUPPLY_READINESS,2022-06-08T00:00:00+09:00,2022-06-08T00:00:00+09:00,2022-06-09T00:00:00+09:00,DAY,PRODUCT_GENERATION,SK hynix HBM3,OG-SKH-20220608-HBM3-NVIDIA,A_DIRECT_FACT,ACCEPTED,UNREVIEWED,PASS,Frozen semantic contract accepted the candidate classification.,PASS_EVENT_TRACK_HAS_OTHER_HOLD,,"{""customer_identity"":""PRIVATE_OR_NOT_DISCLOSED"",""customer_volume"":""PRIVATE_OR_NOT_DISCLOSED"",""exclusivity"":""NOT_OBSERVED_PUBLICLY"",""margin"":""PRIVATE_OR_NOT_DISCLOSED"",""price"":""PRIVATE_OR_NOT_DISCLOSED"",""qualified_supplier_count"":""NOT_OBSERVED_PUBLICLY"",""supplier_share"":""NOT_OBSERVED_PUBLICLY"",""yield"":""PRIVATE_OR_NOT_DISCLOSED""}",RECOMMEND_INCLUDE,Directly supports the stated supply-readiness stage as context only.,PRODUCTION_COULD_BE_MISREAD_AS_CUSTOMER_ACCEPTANCE,"Confirm context-only admission and prohibit use as qualification, commitment, O1, or demand volume."
EVT-P01-20220608-QUAL-EVAL-HOLD,P01-SKH-HBM3,PRODUCT_COMMERCIALIZATION_TRACK,SRC-SKH-20220608-HBM3,SK hynix to Supply Industry's First HBM3 DRAM to NVIDIA,SK hynix Newsroom,https://news.skhynix.com/en/sk-hynix-to-supply-industrys-first-hbm3-dram-to-nvidia/,73A69326E2FD377B7087DC0597878704EFE5E1A65E534A1FDE4279391870BE62,SK hynix announced that it began mass production of HBM3. NVIDIA has recently completed its performance evaluation of SK hynix’s HBM3 samples. SK hynix will provide HBM3 for NVIDIA systems expected to ship starting in the third quarter of this year.,"News Highlights; opening body paragraphs on production, NVIDIA evaluation, and future system supply",SIGNAL,QUALIFICATION_STAGE,COMPLETE,QUALIFICATION_COMMERCIAL,2022-06-08T00:00:00+09:00,2022-06-08T00:00:00+09:00,2022-06-09T00:00:00+09:00,DAY,PRODUCT_GENERATION,SK hynix HBM3,OG-SKH-20220608-HBM3-NVIDIA,B_COMPANY_CLAIM,HOLD,HOLD,REJECTED,qualification COMPLETE requires explicit completion wording,EVENT_HOLD_LINKED,Performance evaluation is not explicit qualification or certification completion.,"{""customer_identity"":""PRIVATE_OR_NOT_DISCLOSED"",""customer_volume"":""PRIVATE_OR_NOT_DISCLOSED"",""exclusivity"":""NOT_OBSERVED_PUBLICLY"",""margin"":""PRIVATE_OR_NOT_DISCLOSED"",""price"":""PRIVATE_OR_NOT_DISCLOSED"",""qualified_supplier_count"":""NOT_OBSERVED_PUBLICLY"",""supplier_share"":""NOT_OBSERVED_PUBLICLY"",""yield"":""PRIVATE_OR_NOT_DISCLOSED""}",RECOMMEND_EXCLUDE,Performance evaluation is not explicit qualification or certification completion.,DETERMINISTIC_OR_SEMANTIC_STAGE_INFLATION,Choose exclusion or a strictly contextual retention; do not promote the proposed empirical class.
EVT-P02-20230821-PRODUCTION-CONTEXT-R2,P02-SKH-HBM3E,PRODUCT_COMMERCIALIZATION_TRACK,SRC-SKH-20230821-HBM3E-SAMPLE,SK hynix Develops World's Best Performing HBM3E,SK hynix Newsroom,https://news.skhynix.com/en/sk-hynix-develops-worlds-best-performing-hbm3e/,7DAB6677EF9437318B912D63ACBE1118DAE03136FA3650572EE07FC639153692,a customer’s evaluation of samples is underway ... plans to mass produce HBM3E from the first half of next year,headline; News Highlights; body paragraphs 1-2,CONTEXT,PRODUCTION_STAGE_CONTEXT,PRODUCTION_PLANNED,SUPPLY_READINESS,2023-08-21T00:00:00+09:00,2023-08-21T00:00:00+09:00,2023-08-22T00:00:00+09:00,DAY,PRODUCT_GENERATION,SK hynix HBM3E,OG-SKH-20230821-HBM3E-SAMPLE,B_COMPANY_CLAIM,ACCEPTED,UNREVIEWED,PASS,Frozen semantic contract accepted the candidate classification.,PASS_EVENT_TRACK_HAS_OTHER_HOLD,,"{""customer_identity"":""PRIVATE_OR_NOT_DISCLOSED"",""customer_volume"":""PRIVATE_OR_NOT_DISCLOSED"",""exclusivity"":""NOT_OBSERVED_PUBLICLY"",""margin"":""PRIVATE_OR_NOT_DISCLOSED"",""price"":""PRIVATE_OR_NOT_DISCLOSED"",""qualified_supplier_count"":""NOT_OBSERVED_PUBLICLY"",""supplier_share"":""NOT_OBSERVED_PUBLICLY"",""yield"":""PRIVATE_OR_NOT_DISCLOSED""}",RECOMMEND_INCLUDE,Directly supports the stated supply-readiness stage as context only.,PRODUCTION_COULD_BE_MISREAD_AS_CUSTOMER_ACCEPTANCE,"Confirm context-only admission and prohibit use as qualification, commitment, O1, or demand volume."
EVT-P02-20230821-PRODUCTION-PLAN,P02-SKH-HBM3E,PRODUCT_COMMERCIALIZATION_TRACK,SRC-SKH-20230821-HBM3E-SAMPLE,SK hynix Develops World's Best Performing HBM3E,SK hynix Newsroom,https://news.skhynix.com/en/sk-hynix-develops-worlds-best-performing-hbm3e/,7DAB6677EF9437318B912D63ACBE1118DAE03136FA3650572EE07FC639153692,a customer’s evaluation of samples is underway ... plans to mass produce HBM3E from the first half of next year,headline; News Highlights; body paragraphs 1-2,SIGNAL,ORDER_ADJACENT_SUPPLY_COMMITMENT,MASS_PRODUCTION_PLANNED,QUALIFICATION_COMMERCIAL,2023-08-21T00:00:00+09:00,2023-08-21T00:00:00+09:00,2023-08-22T00:00:00+09:00,DAY,PRODUCT_GENERATION,SK hynix HBM3E,OG-SKH-20230821-HBM3E-SAMPLE,B_COMPANY_CLAIM,HOLD,HOLD,REJECTED,production or ramp wording alone cannot become a supply commitment,EVENT_HOLD_LINKED,A production plan is not a customer order or supply commitment.,"{""customer_identity"":""PRIVATE_OR_NOT_DISCLOSED"",""customer_volume"":""PRIVATE_OR_NOT_DISCLOSED"",""exclusivity"":""NOT_OBSERVED_PUBLICLY"",""margin"":""PRIVATE_OR_NOT_DISCLOSED"",""price"":""PRIVATE_OR_NOT_DISCLOSED"",""qualified_supplier_count"":""NOT_OBSERVED_PUBLICLY"",""supplier_share"":""NOT_OBSERVED_PUBLICLY"",""yield"":""PRIVATE_OR_NOT_DISCLOSED""}",RECOMMEND_EXCLUDE,A production plan is not a customer order or supply commitment.,DETERMINISTIC_OR_SEMANTIC_STAGE_INFLATION,Choose exclusion or a strictly contextual retention; do not promote the proposed empirical class.
EVT-P02-20230821-SAMPLE-EVAL,P02-SKH-HBM3E,PRODUCT_COMMERCIALIZATION_TRACK,SRC-SKH-20230821-HBM3E-SAMPLE,SK hynix Develops World's Best Performing HBM3E,SK hynix Newsroom,https://news.skhynix.com/en/sk-hynix-develops-worlds-best-performing-hbm3e/,7DAB6677EF9437318B912D63ACBE1118DAE03136FA3650572EE07FC639153692,a customer’s evaluation of samples is underway ... plans to mass produce HBM3E from the first half of next year,headline; News Highlights; body paragraphs 1-2,SIGNAL,HBM_SAMPLE,CUSTOMER_EVALUATION_UNDERWAY,MEMORY_PRODUCT,2023-08-21T00:00:00+09:00,2023-08-21T00:00:00+09:00,2023-08-22T00:00:00+09:00,DAY,PRODUCT_GENERATION,SK hynix HBM3E,OG-SKH-20230821-HBM3E-SAMPLE,B_COMPANY_CLAIM,ACCEPTED,UNREVIEWED,PASS,Frozen semantic contract accepted the candidate classification.,PASS_EVENT_TRACK_HAS_OTHER_HOLD,,"{""customer_identity"":""PRIVATE_OR_NOT_DISCLOSED"",""customer_volume"":""PRIVATE_OR_NOT_DISCLOSED"",""exclusivity"":""NOT_OBSERVED_PUBLICLY"",""margin"":""PRIVATE_OR_NOT_DISCLOSED"",""price"":""PRIVATE_OR_NOT_DISCLOSED"",""qualified_supplier_count"":""NOT_OBSERVED_PUBLICLY"",""supplier_share"":""NOT_OBSERVED_PUBLICLY"",""yield"":""PRIVATE_OR_NOT_DISCLOSED""}",RECOMMEND_INCLUDE,Directly supports sample delivery or sampling at product scope.,SAMPLE_COULD_BE_MISREAD_AS_QUALIFICATION_OR_ORDER,"Confirm sample wording and prohibit qualification, volume, price, or share inference."
EVT-P02-20240319-FUTURE-CUSTOMER-SUPPLY,P02-SKH-HBM3E,PRODUCT_COMMERCIALIZATION_TRACK,SRC-SKH-20240319-HBM3E-PRODUCTION,SK hynix Begins Volume Production of Industry-First HBM3E,SK hynix Newsroom,https://news.skhynix.com/en/sk-hynix-begins-volume-production-of-industry-first-hbm3e/,934B8F1F342CCCA2E3799D4A474120D8A75009CC71CEF47AB1641A8FD8E21C3D,has begun volume production of HBM3E ... for supply to a customer from late March,News Highlights; body paragraph 1,OUTCOME,O1_COMMERCIAL_REALIZATION,VOLUME_PRODUCTION_FOR_CURRENT_CUSTOMER_SUPPLY,COMMERCIAL_REALIZATION,2024-03-19T00:00:00+09:00,2024-03-19T00:00:00+09:00,2024-03-20T00:00:00+09:00,DAY,PRODUCT_GENERATION,SK hynix HBM3E,OG-SKH-20240319-HBM3E-PRODUCTION,B_COMPANY_CLAIM,HOLD,HOLD,REJECTED,future-dated customer supply cannot become current O1 realization,EVENT_HOLD_LINKED,The exact customer-supply start date and a later confirming disclosure were not observed in this pilot.,"{""customer_identity"":""PRIVATE_OR_NOT_DISCLOSED"",""customer_volume"":""PRIVATE_OR_NOT_DISCLOSED"",""exclusivity"":""NOT_OBSERVED_PUBLICLY"",""margin"":""PRIVATE_OR_NOT_DISCLOSED"",""price"":""PRIVATE_OR_NOT_DISCLOSED"",""qualified_supplier_count"":""NOT_OBSERVED_PUBLICLY"",""supplier_share"":""NOT_OBSERVED_PUBLICLY"",""yield"":""PRIVATE_OR_NOT_DISCLOSED""}",RECOMMEND_HOLD,Future customer supply cannot establish current O1 realization.,UNRESOLVED_SEMANTIC_OR_TIMING_POLICY,Select a documented human option or retain HOLD for this Gate 6.
EVT-P02-20240319-PRODUCTION-CONTEXT-R2,P02-SKH-HBM3E,PRODUCT_COMMERCIALIZATION_TRACK,SRC-SKH-20240319-HBM3E-PRODUCTION,SK hynix Begins Volume Production of Industry-First HBM3E,SK hynix Newsroom,https://news.skhynix.com/en/sk-hynix-begins-volume-production-of-industry-first-hbm3e/,934B8F1F342CCCA2E3799D4A474120D8A75009CC71CEF47AB1641A8FD8E21C3D,has begun volume production of HBM3E ... for supply to a customer from late March,News Highlights; body paragraph 1,CONTEXT,PRODUCTION_STAGE_CONTEXT,VOLUME_PRODUCTION_STARTED,SUPPLY_READINESS,2024-03-19T00:00:00+09:00,2024-03-19T00:00:00+09:00,2024-03-20T00:00:00+09:00,DAY,PRODUCT_GENERATION,SK hynix HBM3E,OG-SKH-20240319-HBM3E-PRODUCTION,A_DIRECT_FACT,ACCEPTED,UNREVIEWED,PASS,Frozen semantic contract accepted the candidate classification.,PASS_EVENT_TRACK_HAS_OTHER_HOLD,,"{""customer_identity"":""PRIVATE_OR_NOT_DISCLOSED"",""customer_volume"":""PRIVATE_OR_NOT_DISCLOSED"",""exclusivity"":""NOT_OBSERVED_PUBLICLY"",""margin"":""PRIVATE_OR_NOT_DISCLOSED"",""price"":""PRIVATE_OR_NOT_DISCLOSED"",""qualified_supplier_count"":""NOT_OBSERVED_PUBLICLY"",""supplier_share"":""NOT_OBSERVED_PUBLICLY"",""yield"":""PRIVATE_OR_NOT_DISCLOSED""}",RECOMMEND_INCLUDE,Directly supports the stated supply-readiness stage as context only.,PRODUCTION_COULD_BE_MISREAD_AS_CUSTOMER_ACCEPTANCE,"Confirm context-only admission and prohibit use as qualification, commitment, O1, or demand volume."
EVT-P03-20240227-PRODUCTION-PLAN,P03-SEC-HBM3E,PRODUCT_COMMERCIALIZATION_TRACK,SRC-SEC-20240227-HBM3E-SAMPLE,Samsung Develops Industry-First 36GB HBM3E 12H DRAM,Samsung Global Newsroom,https://news.samsung.com/global/samsung-develops-industry-first-36gb-hbm3e-12h-dram,1DA9EE47C83CF35C457969605B80597D44A00626B87B3E99F8E56A5BC04FA123,Samsung has begun sampling its HBM3E 12H to customers and mass production is slated for the first half of this year.,final body paragraph before footnote 1,CONTEXT,PRODUCTION_STAGE_CONTEXT,PRODUCTION_PLANNED,SUPPLY_READINESS,2024-02-27T00:00:00+09:00,2024-02-27T00:00:00+09:00,2024-02-28T00:00:00+09:00,DAY,PRODUCT_GENERATION,Samsung HBM3E 12H,OG-SEC-20240227-HBM3E12H,B_COMPANY_CLAIM,ACCEPTED,UNREVIEWED,PASS,Frozen semantic contract accepted the candidate classification.,PASS_EVENT_TRACK_HAS_OTHER_HOLD,,"{""customer_identity"":""PRIVATE_OR_NOT_DISCLOSED"",""customer_volume"":""PRIVATE_OR_NOT_DISCLOSED"",""exclusivity"":""NOT_OBSERVED_PUBLICLY"",""margin"":""PRIVATE_OR_NOT_DISCLOSED"",""price"":""PRIVATE_OR_NOT_DISCLOSED"",""qualified_supplier_count"":""NOT_OBSERVED_PUBLICLY"",""supplier_share"":""NOT_OBSERVED_PUBLICLY"",""yield"":""PRIVATE_OR_NOT_DISCLOSED""}",RECOMMEND_INCLUDE,Directly supports the stated supply-readiness stage as context only.,PRODUCTION_COULD_BE_MISREAD_AS_CUSTOMER_ACCEPTANCE,"Confirm context-only admission and prohibit use as qualification, commitment, O1, or demand volume."
EVT-P03-20240227-SAMPLE,P03-SEC-HBM3E,PRODUCT_COMMERCIALIZATION_TRACK,SRC-SEC-20240227-HBM3E-SAMPLE,Samsung Develops Industry-First 36GB HBM3E 12H DRAM,Samsung Global Newsroom,https://news.samsung.com/global/samsung-develops-industry-first-36gb-hbm3e-12h-dram,1DA9EE47C83CF35C457969605B80597D44A00626B87B3E99F8E56A5BC04FA123,Samsung has begun sampling its HBM3E 12H to customers and mass production is slated for the first half of this year.,final body paragraph before footnote 1,SIGNAL,HBM_SAMPLE,SAMPLING_STARTED,MEMORY_PRODUCT,2024-02-27T00:00:00+09:00,2024-02-27T00:00:00+09:00,2024-02-28T00:00:00+09:00,DAY,PRODUCT_GENERATION,Samsung HBM3E 12H,OG-SEC-20240227-HBM3E12H,A_DIRECT_FACT,ACCEPTED,UNREVIEWED,PASS,Frozen semantic contract accepted the candidate classification.,PASS_EVENT_TRACK_HAS_OTHER_HOLD,,"{""customer_identity"":""PRIVATE_OR_NOT_DISCLOSED"",""customer_volume"":""PRIVATE_OR_NOT_DISCLOSED"",""exclusivity"":""NOT_OBSERVED_PUBLICLY"",""margin"":""PRIVATE_OR_NOT_DISCLOSED"",""price"":""PRIVATE_OR_NOT_DISCLOSED"",""qualified_supplier_count"":""NOT_OBSERVED_PUBLICLY"",""supplier_share"":""NOT_OBSERVED_PUBLICLY"",""yield"":""PRIVATE_OR_NOT_DISCLOSED""}",RECOMMEND_INCLUDE,Directly supports sample delivery or sampling at product scope.,SAMPLE_COULD_BE_MISREAD_AS_QUALIFICATION_OR_ORDER,"Confirm sample wording and prohibit qualification, volume, price, or share inference."
EVT-P03-20241231-O1-START-HOLD,P03-SEC-HBM3E,PRODUCT_COMMERCIALIZATION_TRACK,SRC-SEC-20250131-HBM3E-SUPPLY,Samsung Electronics 2024 Q4 Earnings Call,Samsung Electronics IR,https://irsvc.teletogether.com/sec/pdf/2024Q4_script_eng.pdf?1=,230FBF9BA029636B1FB50B9EECFE483FD72F50E5162B53720D5036542520CEB2,"In the fourth quarter, we expanded our HBM3E supply to multiple GPU providers and data center clients.","PDF page 26, HBM Q&A answer",OUTCOME,O1_COMMERCIAL_REALIZATION,CUSTOMER_SUPPLY_STARTED,COMMERCIAL_REALIZATION,2024-12-31T23:59:59+09:00,2025-01-31T00:00:00+09:00,2025-02-01T00:00:00+09:00,MONTH,PRODUCT_GENERATION,Samsung HBM3E,OG-SEC-2024Q4-EARNINGS-CALL,B_COMPANY_CLAIM,HOLD,HOLD,REJECTED,O1 requires explicit current shipment or customer-supply wording,EVENT_HOLD_LINKED,Expanded supply establishes current supply but not the first customer-supply start date.,"{""customer_identity"":""PRIVATE_OR_NOT_DISCLOSED"",""customer_volume"":""PRIVATE_OR_NOT_DISCLOSED"",""exclusivity"":""NOT_OBSERVED_PUBLICLY"",""margin"":""PRIVATE_OR_NOT_DISCLOSED"",""price"":""PRIVATE_OR_NOT_DISCLOSED"",""qualified_supplier_count"":""NOT_OBSERVED_PUBLICLY"",""supplier_share"":""NOT_OBSERVED_PUBLICLY"",""yield"":""PRIVATE_OR_NOT_DISCLOSED""}",RECOMMEND_HOLD,Expanded current supply does not identify the first customer-supply start date.,UNRESOLVED_SEMANTIC_OR_TIMING_POLICY,Select a documented human option or retain HOLD for this Gate 6.
EVT-P03-20241231-SUPPLY-CORROBORATION,P03-SEC-HBM3E,PRODUCT_COMMERCIALIZATION_TRACK,SRC-SEC-20250131-HBM3E-SUPPLY,Samsung Electronics 2024 Q4 Earnings Call,Samsung Electronics IR,https://irsvc.teletogether.com/sec/pdf/2024Q4_script_eng.pdf?1=,230FBF9BA029636B1FB50B9EECFE483FD72F50E5162B53720D5036542520CEB2,"In the fourth quarter, we expanded our HBM3E supply to multiple GPU providers and data center clients.","PDF page 26, HBM Q&A answer",OUTCOME,O2_OPERATIONAL_CORROBORATION,CURRENT_CUSTOMER_SUPPLY_STATED,COMMERCIAL_REALIZATION,2024-12-31T23:59:59+09:00,2025-01-31T00:00:00+09:00,2025-02-01T00:00:00+09:00,MONTH,PRODUCT_GENERATION,Samsung HBM3E,OG-SEC-2024Q4-EARNINGS-CALL,A_DIRECT_FACT,ACCEPTED,UNREVIEWED,PASS,Frozen semantic contract accepted the candidate classification.,PASS_EVENT_TRACK_HAS_OTHER_HOLD,,"{""customer_identity"":""PRIVATE_OR_NOT_DISCLOSED"",""customer_volume"":""PRIVATE_OR_NOT_DISCLOSED"",""exclusivity"":""NOT_OBSERVED_PUBLICLY"",""margin"":""PRIVATE_OR_NOT_DISCLOSED"",""price"":""PRIVATE_OR_NOT_DISCLOSED"",""qualified_supplier_count"":""NOT_OBSERVED_PUBLICLY"",""supplier_share"":""NOT_OBSERVED_PUBLICLY"",""yield"":""PRIVATE_OR_NOT_DISCLOSED""}",RECOMMEND_INCLUDE,"Directly supports a current broader-scope supply/shipping statement as corroboration, not first O1 timing.",CORROBORATION_COULD_BE_PROMOTED_TO_O1,Confirm corroboration-only role and compatible product scope.
EVT-P04-20230726-SAMPLING,P04-MU-HBM3E,PRODUCT_COMMERCIALIZATION_TRACK,SRC-MU-20230726-HBM3E-SAMPLE,"Micron Delivers Industry's Fastest, Highest-Capacity HBM",Micron Investor Relations,https://investors.micron.com/news/press-release/2023/Micron-Delivers-Industrys-Fastest-Highest-Capacity-HBM-to-Advance-Generative-AI-Innovation-07-26-2023/default.aspx,0226DA4AB5665742617B729A706E22F45C70E01D10C5C84A13E463C0CB3E6344,has begun sampling the industry’s first 8-high 24GB HBM3 Gen2 memory,headline; body paragraph 1,SIGNAL,HBM_SAMPLE,SAMPLING_STARTED,MEMORY_PRODUCT,2023-07-26T00:00:00-06:00,2023-07-26T00:00:00-06:00,2023-07-27T00:00:00-06:00,DAY,PRODUCT_GENERATION,Micron HBM3E,OG-MU-20230726-HBM3E-SAMPLE,A_DIRECT_FACT,ACCEPTED,UNREVIEWED,PASS,Frozen semantic contract accepted the candidate classification.,PASS_EVENT_TRACK_HAS_OTHER_HOLD,,"{""customer_identity"":""PRIVATE_OR_NOT_DISCLOSED"",""customer_volume"":""PRIVATE_OR_NOT_DISCLOSED"",""exclusivity"":""NOT_OBSERVED_PUBLICLY"",""margin"":""PRIVATE_OR_NOT_DISCLOSED"",""price"":""PRIVATE_OR_NOT_DISCLOSED"",""qualified_supplier_count"":""NOT_OBSERVED_PUBLICLY"",""supplier_share"":""NOT_OBSERVED_PUBLICLY"",""yield"":""PRIVATE_OR_NOT_DISCLOSED""}",RECOMMEND_INCLUDE,Directly supports sample delivery or sampling at product scope.,SAMPLE_COULD_BE_MISREAD_AS_QUALIFICATION_OR_ORDER,"Confirm sample wording and prohibit qualification, volume, price, or share inference."
EVT-P04-20230927-QUAL-UNDERWAY,P04-MU-HBM3E,PRODUCT_COMMERCIALIZATION_TRACK,SRC-MU-20230927-HBM3E-QUAL,Micron FY2023 Q4 Prepared Remarks,Micron Investor Relations,https://investors.micron.com/static-files/d2608011-fd73-4d3c-b048-98976d31b827,5560FF1B1A4BDB1CBFE0C19D922DE4486EC5F2F4CCE48A6D008A4295954C644F,Micron HBM3E is currently in qualification for NVIDIA compute products,"FY2023 Q4 prepared remarks, page 3, HBM3E paragraph",SIGNAL,QUALIFICATION_STAGE,UNDERWAY,QUALIFICATION_COMMERCIAL,2023-09-27T00:00:00-06:00,2023-09-27T00:00:00-06:00,2023-09-28T00:00:00-06:00,DAY,PRODUCT_GENERATION,Micron HBM3E,OG-MU-FY2023-Q4-PREPARED-REMARKS,B_COMPANY_CLAIM,ACCEPTED,UNREVIEWED,PASS,Frozen semantic contract accepted the candidate classification.,PASS_EVENT_TRACK_HAS_OTHER_HOLD,,"{""customer_identity"":""PRIVATE_OR_NOT_DISCLOSED"",""customer_volume"":""PRIVATE_OR_NOT_DISCLOSED"",""exclusivity"":""NOT_OBSERVED_PUBLICLY"",""margin"":""PRIVATE_OR_NOT_DISCLOSED"",""price"":""PRIVATE_OR_NOT_DISCLOSED"",""qualified_supplier_count"":""NOT_OBSERVED_PUBLICLY"",""supplier_share"":""NOT_OBSERVED_PUBLICLY"",""yield"":""PRIVATE_OR_NOT_DISCLOSED""}",RECOMMEND_INCLUDE,"Directly supports only the stated planned, underway, or final-stage qualification state.",QUALIFICATION_SUBSTAGE_COULD_BE_PROMOTED_TO_COMPLETE,Confirm the literal substage and prohibit order/volume inference.
EVT-P04-20231220-QUAL-FINAL,P04-MU-HBM3E,PRODUCT_COMMERCIALIZATION_TRACK,SRC-MU-20231220-HBM3E-QUAL-FINAL,Micron FY2024 Q1 Prepared Remarks,Micron Investor Relations,https://investors.micron.com/static-files/4e2b9359-c174-49b6-9c68-2b938b3c33d2,DB359BC796D29182557D0F68895B56CC73DC093CBF45F507E51688AF310E02C2,in the final stages of qualifying our industry-leading HBM3E to be used in NVIDIA’s next generation Grace Hopper GH200 and H200 platforms,"FY2024 Q1 prepared remarks, HBM3E paragraph",SIGNAL,QUALIFICATION_STAGE,FINAL_STAGE,QUALIFICATION_COMMERCIAL,2023-12-20T00:00:00-07:00,2023-12-20T00:00:00-07:00,2023-12-21T00:00:00-07:00,DAY,PRODUCT_GENERATION,Micron HBM3E,OG-MU-FY2024-Q1-PREPARED-REMARKS,B_COMPANY_CLAIM,ACCEPTED,UNREVIEWED,PASS,Frozen semantic contract accepted the candidate classification.,PASS_EVENT_TRACK_HAS_OTHER_HOLD,,"{""customer_identity"":""PRIVATE_OR_NOT_DISCLOSED"",""customer_volume"":""PRIVATE_OR_NOT_DISCLOSED"",""exclusivity"":""NOT_OBSERVED_PUBLICLY"",""margin"":""PRIVATE_OR_NOT_DISCLOSED"",""price"":""PRIVATE_OR_NOT_DISCLOSED"",""qualified_supplier_count"":""NOT_OBSERVED_PUBLICLY"",""supplier_share"":""NOT_OBSERVED_PUBLICLY"",""yield"":""PRIVATE_OR_NOT_DISCLOSED""}",RECOMMEND_INCLUDE,"Directly supports only the stated planned, underway, or final-stage qualification state.",QUALIFICATION_SUBSTAGE_COULD_BE_PROMOTED_TO_COMPLETE,Confirm the literal substage and prohibit order/volume inference.
EVT-P04-20240226-H200-DESIGN-IN,P04-MU-HBM3E,PRODUCT_COMMERCIALIZATION_TRACK,SRC-MU-20240226-HBM3E-PRODUCTION,Micron Commences Volume Production of HBM3E,Micron Investor Relations,https://investors.micron.com/news/press-release/2024/Micron-Commences-Volume-Production-of-Industry-Leading-HBM3E-Solution-to-Accelerate-the-Growth-of-AI-02-26-2024/default.aspx,57B6B4F48E7C16AF33B6E6C567AC25D697C093139249EEF9B04984C508EC61A7,"begun volume production ... will be part of NVIDIA H200 Tensor Core GPUs, which will begin shipping in the second calendar quarter",body paragraph 1,SIGNAL,DESIGN_IN,H200_PLATFORM_INTEGRATION_PLANNED,QUALIFICATION_COMMERCIAL,2024-02-26T00:00:00-07:00,2024-02-26T00:00:00-07:00,2024-02-27T00:00:00-07:00,DAY,PLATFORM,NVIDIA H200,OG-MU-20240226-HBM3E-PRODUCTION,B_COMPANY_CLAIM,HOLD,HOLD,PASS,Frozen semantic contract accepted the candidate classification.,EVENT_HOLD_LINKED,"The statement is a planned design-in, not proof of a shipped platform or any CSP-specific supplier bridge.","{""customer_identity"":""PRIVATE_OR_NOT_DISCLOSED"",""customer_volume"":""PRIVATE_OR_NOT_DISCLOSED"",""exclusivity"":""NOT_OBSERVED_PUBLICLY"",""margin"":""PRIVATE_OR_NOT_DISCLOSED"",""price"":""PRIVATE_OR_NOT_DISCLOSED"",""qualified_supplier_count"":""NOT_OBSERVED_PUBLICLY"",""supplier_share"":""NOT_OBSERVED_PUBLICLY"",""yield"":""PRIVATE_OR_NOT_DISCLOSED""}",RECOMMEND_HOLD,"The disclosure describes planned H200 integration, not a completed platform shipment or named-CSP supply relationship.",UNRESOLVED_SEMANTIC_OR_TIMING_POLICY,Select a documented human option or retain HOLD for this Gate 6.
EVT-P04-20240226-PRODUCTION,P04-MU-HBM3E,PRODUCT_COMMERCIALIZATION_TRACK,SRC-MU-20240226-HBM3E-PRODUCTION,Micron Commences Volume Production of HBM3E,Micron Investor Relations,https://investors.micron.com/news/press-release/2024/Micron-Commences-Volume-Production-of-Industry-Leading-HBM3E-Solution-to-Accelerate-the-Growth-of-AI-02-26-2024/default.aspx,57B6B4F48E7C16AF33B6E6C567AC25D697C093139249EEF9B04984C508EC61A7,"begun volume production ... will be part of NVIDIA H200 Tensor Core GPUs, which will begin shipping in the second calendar quarter",body paragraph 1,SIGNAL,ORDER_ADJACENT_SUPPLY_COMMITMENT,VOLUME_PRODUCTION_STARTED,QUALIFICATION_COMMERCIAL,2024-02-26T00:00:00-07:00,2024-02-26T00:00:00-07:00,2024-02-27T00:00:00-07:00,DAY,PRODUCT_GENERATION,Micron HBM3E,OG-MU-20240226-HBM3E-PRODUCTION,A_DIRECT_FACT,HOLD,HOLD,REJECTED,production or ramp wording alone cannot become a supply commitment,EVENT_HOLD_LINKED,Production start is commercial-adjacent but not equivalent to customer shipment or contractual commitment.,"{""customer_identity"":""PRIVATE_OR_NOT_DISCLOSED"",""customer_volume"":""PRIVATE_OR_NOT_DISCLOSED"",""exclusivity"":""NOT_OBSERVED_PUBLICLY"",""margin"":""PRIVATE_OR_NOT_DISCLOSED"",""price"":""PRIVATE_OR_NOT_DISCLOSED"",""qualified_supplier_count"":""NOT_OBSERVED_PUBLICLY"",""supplier_share"":""NOT_OBSERVED_PUBLICLY"",""yield"":""PRIVATE_OR_NOT_DISCLOSED""}",RECOMMEND_EXCLUDE,"Production start is supply readiness, not a contractual commitment.",DETERMINISTIC_OR_SEMANTIC_STAGE_INFLATION,Choose exclusion or a strictly contextual retention; do not promote the proposed empirical class.
EVT-P04-20240226-PRODUCTION-CONTEXT-R2,P04-MU-HBM3E,PRODUCT_COMMERCIALIZATION_TRACK,SRC-MU-20240226-HBM3E-PRODUCTION,Micron Commences Volume Production of HBM3E,Micron Investor Relations,https://investors.micron.com/news/press-release/2024/Micron-Commences-Volume-Production-of-Industry-Leading-HBM3E-Solution-to-Accelerate-the-Growth-of-AI-02-26-2024/default.aspx,57B6B4F48E7C16AF33B6E6C567AC25D697C093139249EEF9B04984C508EC61A7,"begun volume production ... will be part of NVIDIA H200 Tensor Core GPUs, which will begin shipping in the second calendar quarter",body paragraph 1,CONTEXT,PRODUCTION_STAGE_CONTEXT,VOLUME_PRODUCTION_STARTED,SUPPLY_READINESS,2024-02-26T00:00:00-07:00,2024-02-26T00:00:00-07:00,2024-02-27T00:00:00-07:00,DAY,PRODUCT_GENERATION,Micron HBM3E,OG-MU-20240226-HBM3E-PRODUCTION,A_DIRECT_FACT,ACCEPTED,UNREVIEWED,PASS,Frozen semantic contract accepted the candidate classification.,PASS_EVENT_TRACK_HAS_OTHER_HOLD,,"{""customer_identity"":""PRIVATE_OR_NOT_DISCLOSED"",""customer_volume"":""PRIVATE_OR_NOT_DISCLOSED"",""exclusivity"":""NOT_OBSERVED_PUBLICLY"",""margin"":""PRIVATE_OR_NOT_DISCLOSED"",""price"":""PRIVATE_OR_NOT_DISCLOSED"",""qualified_supplier_count"":""NOT_OBSERVED_PUBLICLY"",""supplier_share"":""NOT_OBSERVED_PUBLICLY"",""yield"":""PRIVATE_OR_NOT_DISCLOSED""}",RECOMMEND_INCLUDE,Directly supports the stated supply-readiness stage as context only.,PRODUCTION_COULD_BE_MISREAD_AS_CUSTOMER_ACCEPTANCE,"Confirm context-only admission and prohibit use as qualification, commitment, O1, or demand volume."
EVT-P04-20250318-O1-START-HOLD,P04-MU-HBM3E,PRODUCT_COMMERCIALIZATION_TRACK,SRC-MU-20250318-HBM3E-SHIPPING,Micron Innovates From the Data Center to the Edge With NVIDIA,Micron Investor Relations,https://investors.micron.com/news/press-release/2025/Micron-Innovates-From-the-Data-Center-to-the-Edge-With-NVIDIA-03-18-2025/default.aspx,635FED1305FF677EE2692939B239B30705368180DCC49755BFD219A59B301A41,Micron is the world’s first and only memory company shipping both HBM3E and SOCAMM products.,body paragraph 1,OUTCOME,O1_COMMERCIAL_REALIZATION,COMMERCIAL_SHIPMENT_STARTED,COMMERCIAL_REALIZATION,2025-03-18T00:00:00-06:00,2025-03-18T00:00:00-06:00,2025-03-19T00:00:00-06:00,DAY,PRODUCT_GENERATION,Micron HBM3E,OG-MU-20250318-GTC-NVIDIA,B_COMPANY_CLAIM,HOLD,HOLD,REJECTED,O1 requires explicit current shipment or customer-supply wording,EVENT_HOLD_LINKED,Current shipping does not disclose the first commercial-shipment date or customer scope.,"{""customer_identity"":""PRIVATE_OR_NOT_DISCLOSED"",""customer_volume"":""PRIVATE_OR_NOT_DISCLOSED"",""exclusivity"":""NOT_OBSERVED_PUBLICLY"",""margin"":""PRIVATE_OR_NOT_DISCLOSED"",""price"":""PRIVATE_OR_NOT_DISCLOSED"",""qualified_supplier_count"":""NOT_OBSERVED_PUBLICLY"",""supplier_share"":""NOT_OBSERVED_PUBLICLY"",""yield"":""PRIVATE_OR_NOT_DISCLOSED""}",RECOMMEND_HOLD,Current shipping confirms a current state but not the first commercial-shipment date or named customer scope.,UNRESOLVED_SEMANTIC_OR_TIMING_POLICY,Select a documented human option or retain HOLD for this Gate 6.
EVT-P04-20250318-SHIPPING-CORROBORATION,P04-MU-HBM3E,PRODUCT_COMMERCIALIZATION_TRACK,SRC-MU-20250318-HBM3E-SHIPPING,Micron Innovates From the Data Center to the Edge With NVIDIA,Micron Investor Relations,https://investors.micron.com/news/press-release/2025/Micron-Innovates-From-the-Data-Center-to-the-Edge-With-NVIDIA-03-18-2025/default.aspx,635FED1305FF677EE2692939B239B30705368180DCC49755BFD219A59B301A41,Micron is the world’s first and only memory company shipping both HBM3E and SOCAMM products.,body paragraph 1,OUTCOME,O2_OPERATIONAL_CORROBORATION,CURRENT_PRODUCT_SHIPPING,COMMERCIAL_REALIZATION,2025-03-18T00:00:00-06:00,2025-03-18T00:00:00-06:00,2025-03-19T00:00:00-06:00,DAY,PRODUCT_GENERATION,Micron HBM3E,OG-MU-20250318-GTC-NVIDIA,A_DIRECT_FACT,ACCEPTED,UNREVIEWED,PASS,Frozen semantic contract accepted the candidate classification.,PASS_EVENT_TRACK_HAS_OTHER_HOLD,,"{""customer_identity"":""PRIVATE_OR_NOT_DISCLOSED"",""customer_volume"":""PRIVATE_OR_NOT_DISCLOSED"",""exclusivity"":""NOT_OBSERVED_PUBLICLY"",""margin"":""PRIVATE_OR_NOT_DISCLOSED"",""price"":""PRIVATE_OR_NOT_DISCLOSED"",""qualified_supplier_count"":""NOT_OBSERVED_PUBLICLY"",""supplier_share"":""NOT_OBSERVED_PUBLICLY"",""yield"":""PRIVATE_OR_NOT_DISCLOSED""}",RECOMMEND_INCLUDE,"Directly supports a current broader-scope supply/shipping statement as corroboration, not first O1 timing.",CORROBORATION_COULD_BE_PROMOTED_TO_O1,Confirm corroboration-only role and compatible product scope.
EVT-P05-20250319-PRODUCTION-PREP-HOLD,P05-SKH-HBM4,PRODUCT_COMMERCIALIZATION_TRACK,SRC-SKH-20250319-HBM4-SAMPLE,SK hynix Ships World's First 12-Layer HBM4 Samples to Customers,SK hynix Newsroom,https://news.skhynix.com/en/sk-hynix-ships-worlds-first-12-layer-hbm4-samples-to-customers/,E1FA035EA3E4284632CC30722EFA45B05212C79B7BB1D1A4DBA72A4FA2F44020,World's First 12-Layer HBM4 Samples ... to start the certification process ... aims to complete preparations for mass production.,headline; News Highlights; body paragraphs 1-2,CONTEXT,PRODUCTION_STAGE_CONTEXT,PRODUCTION_READINESS,SUPPLY_READINESS,2025-03-19T00:00:00+09:00,2025-03-19T00:00:00+09:00,2025-03-20T00:00:00+09:00,DAY,PRODUCT_GENERATION,SK hynix HBM4 12H,OG-SKH-20250319-HBM4-SAMPLE,B_COMPANY_CLAIM,HOLD,HOLD,REJECTED,PRODUCTION_READINESS requires explicit matching production-stage wording,EVENT_HOLD_LINKED,A target to complete preparation is not observed production readiness.,"{""customer_identity"":""PRIVATE_OR_NOT_DISCLOSED"",""customer_volume"":""PRIVATE_OR_NOT_DISCLOSED"",""exclusivity"":""NOT_OBSERVED_PUBLICLY"",""margin"":""PRIVATE_OR_NOT_DISCLOSED"",""price"":""PRIVATE_OR_NOT_DISCLOSED"",""qualified_supplier_count"":""NOT_OBSERVED_PUBLICLY"",""supplier_share"":""NOT_OBSERVED_PUBLICLY"",""yield"":""PRIVATE_OR_NOT_DISCLOSED""}",RECOMMEND_EXCLUDE,A target to complete production preparation is not observed production readiness.,DETERMINISTIC_OR_SEMANTIC_STAGE_INFLATION,Choose exclusion or a strictly contextual retention; do not promote the proposed empirical class.
EVT-P05-20250319-QUAL-PLANNED,P05-SKH-HBM4,PRODUCT_COMMERCIALIZATION_TRACK,SRC-SKH-20250319-HBM4-SAMPLE,SK hynix Ships World's First 12-Layer HBM4 Samples to Customers,SK hynix Newsroom,https://news.skhynix.com/en/sk-hynix-ships-worlds-first-12-layer-hbm4-samples-to-customers/,E1FA035EA3E4284632CC30722EFA45B05212C79B7BB1D1A4DBA72A4FA2F44020,World's First 12-Layer HBM4 Samples ... to start the certification process ... aims to complete preparations for mass production.,headline; News Highlights; body paragraphs 1-2,SIGNAL,QUALIFICATION_STAGE,PLANNED,QUALIFICATION_COMMERCIAL,2025-03-19T00:00:00+09:00,2025-03-19T00:00:00+09:00,2025-03-20T00:00:00+09:00,DAY,PRODUCT_GENERATION,SK hynix HBM4 12H,OG-SKH-20250319-HBM4-SAMPLE,B_COMPANY_CLAIM,ACCEPTED,UNREVIEWED,PASS,Frozen semantic contract accepted the candidate classification.,PASS_EVENT_TRACK_HAS_OTHER_HOLD,,"{""customer_identity"":""PRIVATE_OR_NOT_DISCLOSED"",""customer_volume"":""PRIVATE_OR_NOT_DISCLOSED"",""exclusivity"":""NOT_OBSERVED_PUBLICLY"",""margin"":""PRIVATE_OR_NOT_DISCLOSED"",""price"":""PRIVATE_OR_NOT_DISCLOSED"",""qualified_supplier_count"":""NOT_OBSERVED_PUBLICLY"",""supplier_share"":""NOT_OBSERVED_PUBLICLY"",""yield"":""PRIVATE_OR_NOT_DISCLOSED""}",RECOMMEND_INCLUDE,"Directly supports only the stated planned, underway, or final-stage qualification state.",QUALIFICATION_SUBSTAGE_COULD_BE_PROMOTED_TO_COMPLETE,Confirm the literal substage and prohibit order/volume inference.
EVT-P05-20250319-SAMPLE,P05-SKH-HBM4,PRODUCT_COMMERCIALIZATION_TRACK,SRC-SKH-20250319-HBM4-SAMPLE,SK hynix Ships World's First 12-Layer HBM4 Samples to Customers,SK hynix Newsroom,https://news.skhynix.com/en/sk-hynix-ships-worlds-first-12-layer-hbm4-samples-to-customers/,E1FA035EA3E4284632CC30722EFA45B05212C79B7BB1D1A4DBA72A4FA2F44020,World's First 12-Layer HBM4 Samples ... to start the certification process ... aims to complete preparations for mass production.,headline; News Highlights; body paragraphs 1-2,SIGNAL,HBM_SAMPLE,CUSTOMER_SAMPLE_SHIPPED,MEMORY_PRODUCT,2025-03-19T00:00:00+09:00,2025-03-19T00:00:00+09:00,2025-03-20T00:00:00+09:00,DAY,PRODUCT_GENERATION,SK hynix HBM4 12H,OG-SKH-20250319-HBM4-SAMPLE,A_DIRECT_FACT,ACCEPTED,UNREVIEWED,PASS,Frozen semantic contract accepted the candidate classification.,PASS_EVENT_TRACK_HAS_OTHER_HOLD,,"{""customer_identity"":""PRIVATE_OR_NOT_DISCLOSED"",""customer_volume"":""PRIVATE_OR_NOT_DISCLOSED"",""exclusivity"":""NOT_OBSERVED_PUBLICLY"",""margin"":""PRIVATE_OR_NOT_DISCLOSED"",""price"":""PRIVATE_OR_NOT_DISCLOSED"",""qualified_supplier_count"":""NOT_OBSERVED_PUBLICLY"",""supplier_share"":""NOT_OBSERVED_PUBLICLY"",""yield"":""PRIVATE_OR_NOT_DISCLOSED""}",RECOMMEND_INCLUDE,Directly supports sample delivery or sampling at product scope.,SAMPLE_COULD_BE_MISREAD_AS_QUALIFICATION_OR_ORDER,"Confirm sample wording and prohibit qualification, volume, price, or share inference."
EVT-P05-20260630-O1,P05-SKH-HBM4,PRODUCT_COMMERCIALIZATION_TRACK,SRC-SKH-20260729-HBM4-MASS-SHIPMENT,SK hynix Announces 2Q26 Financial Results,SK hynix Newsroom,https://news.skhynix.com/en/q2-2026-business-results/,89BF2BEEBCF4B99E60E745D3AA163262E25529B97A6556C47C0C6E4A0B01DDD6,The company began mass shipments of HBM4 in the second quarter,"article body, HBM4/HBM4E paragraph (web-rendered line 60)",OUTCOME,O1_COMMERCIAL_REALIZATION,COMMERCIAL_SHIPMENT_STARTED,COMMERCIAL_REALIZATION,2026-06-30T23:59:59+09:00,2026-07-29T00:00:00+09:00,2026-07-30T00:00:00+09:00,MONTH,PRODUCT_GENERATION,SK hynix HBM4,OG-SKH-2026Q2-RESULTS,A_DIRECT_FACT,ACCEPTED,UNREVIEWED,PASS,Frozen semantic contract accepted the candidate classification.,PASS_EVENT_TRACK_HAS_OTHER_HOLD,,"{""customer_identity"":""PRIVATE_OR_NOT_DISCLOSED"",""customer_volume"":""PRIVATE_OR_NOT_DISCLOSED"",""exclusivity"":""NOT_OBSERVED_PUBLICLY"",""margin"":""PRIVATE_OR_NOT_DISCLOSED"",""price"":""PRIVATE_OR_NOT_DISCLOSED"",""qualified_supplier_count"":""NOT_OBSERVED_PUBLICLY"",""supplier_share"":""NOT_OBSERVED_PUBLICLY"",""yield"":""PRIVATE_OR_NOT_DISCLOSED""}",RECOMMEND_HOLD,The source says mass shipments began in Q2 but does not state the first shipment day.,O1_FIRST_DATE_NOT_DIRECTLY_OBSERVED,Apply the human-selected O1 timing policy before admitting this as a timed O1.
EVT-P06-20251030-SAMPLE,P06-SEC-HBM4,PRODUCT_COMMERCIALIZATION_TRACK,SRC-SEC-20251030-HBM4-SAMPLE,Samsung Electronics 2025 Q3 Earnings Call,Samsung Electronics IR,https://irsvc.teletogether.com/sec/pdf/2025Q3_script_eng.pdf?1=,2D54AE56A5243D99683087101F0B8599DF03D9804617238FD5A3A0083AE310C8,we have shipped samples to all customers,"PDF page 22, HBM Q&A answer",SIGNAL,HBM_SAMPLE,SAMPLING_STARTED,MEMORY_PRODUCT,2025-10-30T00:00:00+09:00,2025-10-30T00:00:00+09:00,2025-10-31T00:00:00+09:00,DAY,PRODUCT_GENERATION,Samsung HBM4,OG-SEC-2025Q3-EARNINGS-CALL,A_DIRECT_FACT,ACCEPTED,UNREVIEWED,PASS,Frozen semantic contract accepted the candidate classification.,PASS,,"{""customer_identity"":""PRIVATE_OR_NOT_DISCLOSED"",""customer_volume"":""PRIVATE_OR_NOT_DISCLOSED"",""exclusivity"":""NOT_OBSERVED_PUBLICLY"",""margin"":""PRIVATE_OR_NOT_DISCLOSED"",""price"":""PRIVATE_OR_NOT_DISCLOSED"",""qualified_supplier_count"":""NOT_OBSERVED_PUBLICLY"",""supplier_share"":""NOT_OBSERVED_PUBLICLY"",""yield"":""PRIVATE_OR_NOT_DISCLOSED""}",RECOMMEND_INCLUDE,Directly supports sample delivery or sampling at product scope.,SAMPLE_COULD_BE_MISREAD_AS_QUALIFICATION_OR_ORDER,"Confirm sample wording and prohibit qualification, volume, price, or share inference."
EVT-P06-20260129-QUAL-FINAL,P06-SEC-HBM4,PRODUCT_COMMERCIALIZATION_TRACK,SRC-SEC-20260129-HBM4-QUAL-FINAL,Samsung Electronics 2025 Q4 Earnings Call,Samsung Electronics IR,https://irsvc.teletogether.com/sec/pdf/2025Q4_script_eng.pdf?1=,D27144FC8E9DAF4315D8B7809ACDEF6110D33EFE2EF8547D678FFE19E8D463F6,"entered the final phase of qualifications; already commenced production, and shipments will start in February.","PDF page 24, HBM business Q&A answer",SIGNAL,QUALIFICATION_STAGE,FINAL_STAGE,QUALIFICATION_COMMERCIAL,2026-01-29T10:00:00+09:00,2026-01-29T10:00:00+09:00,2026-01-29T10:00:00+09:00,TIMESTAMP,PRODUCT_GENERATION,Samsung HBM4,OG-SEC-2025Q4-EARNINGS-CALL,B_COMPANY_CLAIM,ACCEPTED,UNREVIEWED,PASS,Frozen semantic contract accepted the candidate classification.,PASS,,"{""customer_identity"":""PRIVATE_OR_NOT_DISCLOSED"",""customer_volume"":""PRIVATE_OR_NOT_DISCLOSED"",""exclusivity"":""NOT_OBSERVED_PUBLICLY"",""margin"":""PRIVATE_OR_NOT_DISCLOSED"",""price"":""PRIVATE_OR_NOT_DISCLOSED"",""qualified_supplier_count"":""NOT_OBSERVED_PUBLICLY"",""supplier_share"":""NOT_OBSERVED_PUBLICLY"",""yield"":""PRIVATE_OR_NOT_DISCLOSED""}",RECOMMEND_INCLUDE,"Directly supports only the stated planned, underway, or final-stage qualification state.",QUALIFICATION_SUBSTAGE_COULD_BE_PROMOTED_TO_COMPLETE,Confirm the literal substage and prohibit order/volume inference.
EVT-P06-20260212-O1,P06-SEC-HBM4,PRODUCT_COMMERCIALIZATION_TRACK,SRC-SEC-20260212-HBM4-COMMERCIAL,Samsung Ships Industry-First Commercial HBM4 With Ultimate Performance for AI Computing,Samsung Global Newsroom,https://news.samsung.com/global/samsung-ships-industry-first-commercial-hbm4-with-ultimate-performance-for-ai-computing,2DBA407A3CF719EC29E214652BDB37CB1152AB671FD99BAB973602C67023B0CB,"Samsung Electronics, a global leader in advanced memory technology, today announced that it has begun mass production of its industry-leading HBM4 and has shipped commercial products to customers.",first body paragraph immediately after deck/subheads,OUTCOME,O1_COMMERCIAL_REALIZATION,COMMERCIAL_SHIPMENT_STARTED,COMMERCIAL_REALIZATION,2026-02-12T00:00:00+09:00,2026-02-12T00:00:00+09:00,2026-02-13T00:00:00+09:00,DAY,PRODUCT_GENERATION,Samsung HBM4,OG-SEC-20260212-HBM4-COMMERCIAL,A_DIRECT_FACT,ACCEPTED,UNREVIEWED,PASS,Frozen semantic contract accepted the candidate classification.,PASS,,"{""customer_identity"":""PRIVATE_OR_NOT_DISCLOSED"",""customer_volume"":""PRIVATE_OR_NOT_DISCLOSED"",""exclusivity"":""NOT_OBSERVED_PUBLICLY"",""margin"":""PRIVATE_OR_NOT_DISCLOSED"",""price"":""PRIVATE_OR_NOT_DISCLOSED"",""qualified_supplier_count"":""NOT_OBSERVED_PUBLICLY"",""supplier_share"":""NOT_OBSERVED_PUBLICLY"",""yield"":""PRIVATE_OR_NOT_DISCLOSED""}",RECOMMEND_HOLD,The source confirms current commercial shipment but does not establish the first shipment date.,O1_CONFIRMATION_TIME_NOT_FIRST_OPERATIONAL_DATE,Apply the human-selected O1 timing policy and preserve confirmation versus occurrence.
EVT-P06-20260212-PRODUCTION,P06-SEC-HBM4,PRODUCT_COMMERCIALIZATION_TRACK,SRC-SEC-20260212-HBM4-COMMERCIAL,Samsung Ships Industry-First Commercial HBM4 With Ultimate Performance for AI Computing,Samsung Global Newsroom,https://news.samsung.com/global/samsung-ships-industry-first-commercial-hbm4-with-ultimate-performance-for-ai-computing,2DBA407A3CF719EC29E214652BDB37CB1152AB671FD99BAB973602C67023B0CB,"Samsung Electronics, a global leader in advanced memory technology, today announced that it has begun mass production of its industry-leading HBM4 and has shipped commercial products to customers.",first body paragraph immediately after deck/subheads,CONTEXT,PRODUCTION_STAGE_CONTEXT,MASS_PRODUCTION_STARTED,SUPPLY_READINESS,2026-02-12T00:00:00+09:00,2026-02-12T00:00:00+09:00,2026-02-13T00:00:00+09:00,DAY,PRODUCT_GENERATION,Samsung HBM4,OG-SEC-20260212-HBM4-COMMERCIAL,A_DIRECT_FACT,ACCEPTED,UNREVIEWED,PASS,Frozen semantic contract accepted the candidate classification.,PASS,,"{""customer_identity"":""PRIVATE_OR_NOT_DISCLOSED"",""customer_volume"":""PRIVATE_OR_NOT_DISCLOSED"",""exclusivity"":""NOT_OBSERVED_PUBLICLY"",""margin"":""PRIVATE_OR_NOT_DISCLOSED"",""price"":""PRIVATE_OR_NOT_DISCLOSED"",""qualified_supplier_count"":""NOT_OBSERVED_PUBLICLY"",""supplier_share"":""NOT_OBSERVED_PUBLICLY"",""yield"":""PRIVATE_OR_NOT_DISCLOSED""}",RECOMMEND_INCLUDE,Directly supports the stated supply-readiness stage as context only.,PRODUCTION_COULD_BE_MISREAD_AS_CUSTOMER_ACCEPTANCE,"Confirm context-only admission and prohibit use as qualification, commitment, O1, or demand volume."
EVT-P07-20250610-PRODUCTION-PLAN,P07-MU-HBM4,PRODUCT_COMMERCIALIZATION_TRACK,SRC-MU-20250610-HBM4-SAMPLE,Micron Ships HBM4 to Key Customers to Power Next-Gen AI Platforms,Micron Investor Relations,https://investors.micron.com/news/press-release/2025/Micron-Ships-HBM4-to-Key-Customers-to-Power-Next-Gen-AI-Platforms-06-10-2025/default.aspx,F34D179B226E91DE82290FD4265CE29A20A14E06DAD5B12F7634F511A9F342C2,"Micron Technology, Inc. (Nasdaq: MU), today announced the shipment of HBM4 36GB 12-high samples to multiple key customers. Micron plans to ramp HBM4 in calendar year 2026, aligned to the ramp of customers’ next-generation AI platforms.",body paragraph 1 and production-ramp paragraph,CONTEXT,PRODUCTION_STAGE_CONTEXT,PRODUCTION_PLANNED,SUPPLY_READINESS,2025-06-10T09:03:00-04:00,2025-06-10T09:03:00-04:00,2025-06-10T09:03:00-04:00,TIMESTAMP,PRODUCT_GENERATION,Micron HBM4 12H,OG-MU-20250610-HBM4-SAMPLE,B_COMPANY_CLAIM,ACCEPTED,UNREVIEWED,PASS,Frozen semantic contract accepted the candidate classification.,PASS,,"{""customer_identity"":""PRIVATE_OR_NOT_DISCLOSED"",""customer_volume"":""PRIVATE_OR_NOT_DISCLOSED"",""exclusivity"":""NOT_OBSERVED_PUBLICLY"",""margin"":""PRIVATE_OR_NOT_DISCLOSED"",""price"":""PRIVATE_OR_NOT_DISCLOSED"",""qualified_supplier_count"":""NOT_OBSERVED_PUBLICLY"",""supplier_share"":""NOT_OBSERVED_PUBLICLY"",""yield"":""PRIVATE_OR_NOT_DISCLOSED""}",RECOMMEND_INCLUDE,Directly supports the stated supply-readiness stage as context only.,PRODUCTION_COULD_BE_MISREAD_AS_CUSTOMER_ACCEPTANCE,"Confirm context-only admission and prohibit use as qualification, commitment, O1, or demand volume."
EVT-P07-20250610-SAMPLE,P07-MU-HBM4,PRODUCT_COMMERCIALIZATION_TRACK,SRC-MU-20250610-HBM4-SAMPLE,Micron Ships HBM4 to Key Customers to Power Next-Gen AI Platforms,Micron Investor Relations,https://investors.micron.com/news/press-release/2025/Micron-Ships-HBM4-to-Key-Customers-to-Power-Next-Gen-AI-Platforms-06-10-2025/default.aspx,F34D179B226E91DE82290FD4265CE29A20A14E06DAD5B12F7634F511A9F342C2,"Micron Technology, Inc. (Nasdaq: MU), today announced the shipment of HBM4 36GB 12-high samples to multiple key customers. Micron plans to ramp HBM4 in calendar year 2026, aligned to the ramp of customers’ next-generation AI platforms.",body paragraph 1 and production-ramp paragraph,SIGNAL,HBM_SAMPLE,SAMPLING_STARTED,MEMORY_PRODUCT,2025-06-10T09:03:00-04:00,2025-06-10T09:03:00-04:00,2025-06-10T09:03:00-04:00,TIMESTAMP,PRODUCT_GENERATION,Micron HBM4 12H,OG-MU-20250610-HBM4-SAMPLE,A_DIRECT_FACT,ACCEPTED,UNREVIEWED,PASS,Frozen semantic contract accepted the candidate classification.,PASS,,"{""customer_identity"":""PRIVATE_OR_NOT_DISCLOSED"",""customer_volume"":""PRIVATE_OR_NOT_DISCLOSED"",""exclusivity"":""NOT_OBSERVED_PUBLICLY"",""margin"":""PRIVATE_OR_NOT_DISCLOSED"",""price"":""PRIVATE_OR_NOT_DISCLOSED"",""qualified_supplier_count"":""NOT_OBSERVED_PUBLICLY"",""supplier_share"":""NOT_OBSERVED_PUBLICLY"",""yield"":""PRIVATE_OR_NOT_DISCLOSED""}",RECOMMEND_INCLUDE,Directly supports sample delivery or sampling at product scope.,SAMPLE_COULD_BE_MISREAD_AS_QUALIFICATION_OR_ORDER,"Confirm sample wording and prohibit qualification, volume, price, or share inference."
EVT-P07-20260316-O1,P07-MU-HBM4,PRODUCT_COMMERCIALIZATION_TRACK,SRC-MU-20260316-HBM4-SHIPMENT,Micron in High-Volume Production of HBM4 Designed for NVIDIA Vera Rubin,Micron Investor Relations,https://investors.micron.com/news/press-release/2026/Micron-in-High-Volume-Production-of-HBM4-Designed-for-NVIDIA-Vera-Rubin-PCIe-Gen6-SSD-and-SOCAMM2-03-16-2026/default.aspx,8479B572198191963BD0D15DBF4C2537F41CB28E6CA0CB96356C1B057C0D3E0B,"Micron Technology, Inc. (Nasdaq: MU), has begun volume shipment of its HBM4 36GB 12H in the first quarter of calendar year 2026 and is designed for NVIDIA Vera Rubin.",first body paragraph after News highlights,OUTCOME,O1_COMMERCIAL_REALIZATION,COMMERCIAL_SHIPMENT_STARTED,COMMERCIAL_REALIZATION,2026-03-16T17:00:00-04:00,2026-03-16T17:00:00-04:00,2026-03-16T17:00:00-04:00,TIMESTAMP,PRODUCT_GENERATION,Micron HBM4 12H,OG-MU-20260316-GTC-HBM4,A_DIRECT_FACT,ACCEPTED,UNREVIEWED,PASS,Frozen semantic contract accepted the candidate classification.,PASS,,"{""customer_identity"":""PRIVATE_OR_NOT_DISCLOSED"",""customer_volume"":""PRIVATE_OR_NOT_DISCLOSED"",""exclusivity"":""NOT_OBSERVED_PUBLICLY"",""margin"":""PRIVATE_OR_NOT_DISCLOSED"",""price"":""PRIVATE_OR_NOT_DISCLOSED"",""qualified_supplier_count"":""NOT_OBSERVED_PUBLICLY"",""supplier_share"":""NOT_OBSERVED_PUBLICLY"",""yield"":""PRIVATE_OR_NOT_DISCLOSED""}",RECOMMEND_HOLD,The source bounds volume shipment to Q1; a filing timestamp is not the operational shipment-start timestamp.,O1_INTERVAL_COLLAPSED_TO_TIMESTAMP,Apply the human-selected O1 timing policy before any timed use.
EVT-P08-20260618-SAMPLE,P08-SKH-HBM4E,PRODUCT_COMMERCIALIZATION_TRACK,SRC-SKH-20260618-HBM4E-SAMPLE,SK hynix Ships Samples of 12-Layer Next-Gen HBM4E,SK hynix Newsroom,https://news.skhynix.com/en/sk-hynix-ships-samples-of-12-layer-next-gen-hbm4e-2/,F54F6D0561BEBB32300692A4E5F132C3BD8DEF62357429E2F2C0D163A5D6AB75,"SK hynix Inc. (or “the company”, www.skhynix.com) announced today that it has shipped samples of HBM4E, a next-generation DRAM for AI, to major customers.",opening body paragraph,SIGNAL,HBM_SAMPLE,CUSTOMER_SAMPLE_SHIPPED,MEMORY_PRODUCT,2026-06-18T00:00:00+09:00,2026-06-18T00:00:00+09:00,2026-06-19T00:00:00+09:00,DAY,PRODUCT_GENERATION,SK hynix HBM4E 12H,OG-SKH-20260618-HBM4E-SAMPLE,A_DIRECT_FACT,ACCEPTED,UNREVIEWED,PASS,Frozen semantic contract accepted the candidate classification.,PASS,,"{""customer_identity"":""PRIVATE_OR_NOT_DISCLOSED"",""customer_volume"":""PRIVATE_OR_NOT_DISCLOSED"",""exclusivity"":""NOT_OBSERVED_PUBLICLY"",""margin"":""PRIVATE_OR_NOT_DISCLOSED"",""price"":""PRIVATE_OR_NOT_DISCLOSED"",""qualified_supplier_count"":""NOT_OBSERVED_PUBLICLY"",""supplier_share"":""NOT_OBSERVED_PUBLICLY"",""yield"":""PRIVATE_OR_NOT_DISCLOSED""}",RECOMMEND_INCLUDE,Directly supports sample delivery or sampling at product scope.,SAMPLE_COULD_BE_MISREAD_AS_QUALIFICATION_OR_ORDER,"Confirm sample wording and prohibit qualification, volume, price, or share inference."
EVT-P09-20260529-PRODUCTION-PLAN,P09-SEC-HBM4E,PRODUCT_COMMERCIALIZATION_TRACK,SRC-SEC-20260529-HBM4E-SAMPLE,Samsung Electronics Begins Shipment of Industry-First HBM4E Samples,Samsung Global Newsroom,https://news.samsung.com/global/samsung-electronics-begins-shipment-of-industry-first-hbm4e-samples,5C247B4EB8AB5530ED287A032647DCBA603313756F28A195CD0130FDD16F1A9B,Samsung Electronics has begun shipping 12-layer HBM4E samples to major global customers. Samsung plans to begin mass production of HBM4E aligned with customer schedules.,first body paragraph and mass-production plan paragraph,CONTEXT,PRODUCTION_STAGE_CONTEXT,PRODUCTION_PLANNED,SUPPLY_READINESS,2026-05-29T00:00:00+09:00,2026-05-29T00:00:00+09:00,2026-05-30T00:00:00+09:00,DAY,PRODUCT_GENERATION,Samsung HBM4E 12H,OG-SEC-20260529-HBM4E-SAMPLE,B_COMPANY_CLAIM,ACCEPTED,UNREVIEWED,PASS,Frozen semantic contract accepted the candidate classification.,PASS,,"{""customer_identity"":""PRIVATE_OR_NOT_DISCLOSED"",""customer_volume"":""PRIVATE_OR_NOT_DISCLOSED"",""exclusivity"":""NOT_OBSERVED_PUBLICLY"",""margin"":""PRIVATE_OR_NOT_DISCLOSED"",""price"":""PRIVATE_OR_NOT_DISCLOSED"",""qualified_supplier_count"":""NOT_OBSERVED_PUBLICLY"",""supplier_share"":""NOT_OBSERVED_PUBLICLY"",""yield"":""PRIVATE_OR_NOT_DISCLOSED""}",RECOMMEND_INCLUDE,Directly supports the stated supply-readiness stage as context only.,PRODUCTION_COULD_BE_MISREAD_AS_CUSTOMER_ACCEPTANCE,"Confirm context-only admission and prohibit use as qualification, commitment, O1, or demand volume."
EVT-P09-20260529-SAMPLE,P09-SEC-HBM4E,PRODUCT_COMMERCIALIZATION_TRACK,SRC-SEC-20260529-HBM4E-SAMPLE,Samsung Electronics Begins Shipment of Industry-First HBM4E Samples,Samsung Global Newsroom,https://news.samsung.com/global/samsung-electronics-begins-shipment-of-industry-first-hbm4e-samples,5C247B4EB8AB5530ED287A032647DCBA603313756F28A195CD0130FDD16F1A9B,Samsung Electronics has begun shipping 12-layer HBM4E samples to major global customers. Samsung plans to begin mass production of HBM4E aligned with customer schedules.,first body paragraph and mass-production plan paragraph,SIGNAL,HBM_SAMPLE,SAMPLING_STARTED,MEMORY_PRODUCT,2026-05-29T00:00:00+09:00,2026-05-29T00:00:00+09:00,2026-05-30T00:00:00+09:00,DAY,PRODUCT_GENERATION,Samsung HBM4E 12H,OG-SEC-20260529-HBM4E-SAMPLE,A_DIRECT_FACT,ACCEPTED,UNREVIEWED,PASS,Frozen semantic contract accepted the candidate classification.,PASS,,"{""customer_identity"":""PRIVATE_OR_NOT_DISCLOSED"",""customer_volume"":""PRIVATE_OR_NOT_DISCLOSED"",""exclusivity"":""NOT_OBSERVED_PUBLICLY"",""margin"":""PRIVATE_OR_NOT_DISCLOSED"",""price"":""PRIVATE_OR_NOT_DISCLOSED"",""qualified_supplier_count"":""NOT_OBSERVED_PUBLICLY"",""supplier_share"":""NOT_OBSERVED_PUBLICLY"",""yield"":""PRIVATE_OR_NOT_DISCLOSED""}",RECOMMEND_INCLUDE,Directly supports sample delivery or sampling at product scope.,SAMPLE_COULD_BE_MISREAD_AS_QUALIFICATION_OR_ORDER,"Confirm sample wording and prohibit qualification, volume, price, or share inference."
EVT-P10-20260624-DEVELOPMENT-AS-SAMPLE-HOLD,P10-MU-HBM4E,PRODUCT_COMMERCIALIZATION_TRACK,SRC-MU-20260624-HBM4E-DEVELOPMENT,Micron Technology Reports Results for the Third Quarter of Fiscal 2026,Micron / SEC,https://www.sec.gov/Archives/edgar/data/723125/000072312526000013/a2026q3ex991-pressrelease.htm,8A6B6D54E639358B412948F80E87F217584EE51A7D0B1D5F8F7FD854556EE3CF,"Development of HBM4E, built on 1-gamma DRAM technology, is well underway, with volume production expected in calendar 2027.","Exhibit 99.1, page 2, Product highlights, bullet 2",SIGNAL,HBM_SAMPLE,DEVELOPMENT_UNDERWAY,MEMORY_PRODUCT,2026-06-24T00:00:00-04:00,2026-06-24T00:00:00-04:00,2026-06-25T00:00:00-04:00,DAY,PRODUCT_GENERATION,Micron HBM4E,OG-MU-2026Q3-8K-EX991,B_COMPANY_CLAIM,HOLD,HOLD,REJECTED,HBM_SAMPLE requires explicit sample or sampling wording,EVENT_HOLD_LINKED,Development is not a delivered sample or sampling event.,"{""customer_identity"":""PRIVATE_OR_NOT_DISCLOSED"",""customer_volume"":""PRIVATE_OR_NOT_DISCLOSED"",""exclusivity"":""NOT_OBSERVED_PUBLICLY"",""margin"":""PRIVATE_OR_NOT_DISCLOSED"",""price"":""PRIVATE_OR_NOT_DISCLOSED"",""qualified_supplier_count"":""NOT_OBSERVED_PUBLICLY"",""supplier_share"":""NOT_OBSERVED_PUBLICLY"",""yield"":""PRIVATE_OR_NOT_DISCLOSED""}",RECOMMEND_EXCLUDE,Development activity does not establish delivery of samples or sampling.,DETERMINISTIC_OR_SEMANTIC_STAGE_INFLATION,Choose exclusion or a strictly contextual retention; do not promote the proposed empirical class.
EVT-P10-20260624-PRODUCTION-PLAN-HOLD,P10-MU-HBM4E,PRODUCT_COMMERCIALIZATION_TRACK,SRC-MU-20260624-HBM4E-DEVELOPMENT,Micron Technology Reports Results for the Third Quarter of Fiscal 2026,Micron / SEC,https://www.sec.gov/Archives/edgar/data/723125/000072312526000013/a2026q3ex991-pressrelease.htm,8A6B6D54E639358B412948F80E87F217584EE51A7D0B1D5F8F7FD854556EE3CF,"Development of HBM4E, built on 1-gamma DRAM technology, is well underway, with volume production expected in calendar 2027.","Exhibit 99.1, page 2, Product highlights, bullet 2",CONTEXT,PRODUCTION_STAGE_CONTEXT,PRODUCTION_PLANNED,SUPPLY_READINESS,2026-06-24T00:00:00-04:00,2026-06-24T00:00:00-04:00,2026-06-25T00:00:00-04:00,DAY,PRODUCT_GENERATION,Micron HBM4E,OG-MU-2026Q3-8K-EX991,B_COMPANY_CLAIM,HOLD,HOLD,REJECTED,PRODUCTION_PLANNED requires explicit matching production-stage wording,EVENT_HOLD_LINKED,The frozen lexical contract does not equate an expected calendar year with a production occurrence.,"{""customer_identity"":""PRIVATE_OR_NOT_DISCLOSED"",""customer_volume"":""PRIVATE_OR_NOT_DISCLOSED"",""exclusivity"":""NOT_OBSERVED_PUBLICLY"",""margin"":""PRIVATE_OR_NOT_DISCLOSED"",""price"":""PRIVATE_OR_NOT_DISCLOSED"",""qualified_supplier_count"":""NOT_OBSERVED_PUBLICLY"",""supplier_share"":""NOT_OBSERVED_PUBLICLY"",""yield"":""PRIVATE_OR_NOT_DISCLOSED""}",RECOMMEND_EXCLUDE,An expected calendar year does not establish a current production stage or occurred production plan under the frozen lexical contract.,DETERMINISTIC_OR_SEMANTIC_STAGE_INFLATION,Choose exclusion or a strictly contextual retention; do not promote the proposed empirical class.
